product_id,content_id,service_code,floor_code,title,date,url,affiliate_url,maker_name,label,series,genre
51cs320,51cs320,digital,videoa,爆乳レズビアン OL百合族 風間ゆみ＆沢口みき,2004-06-30 10:00:06,https://video.dmm.co.jp/av/content/?id=51cs320,https://al.fanza.co.jp/?lurl=https%3A%2F%2Fvideo.dmm.co.jp%2Fav%2Fcontent%2F%3Fid%3D51cs320&af_id=okd0405-990&ch=api,,,,OL / 巨乳 / レズビアン / ランジェリー
49gr98,49gr98,digital,videoa,GOGOハレンチ娘 瀬奈梨花,2004-06-30 10:00:05,https://video.dmm.co.jp/av/content/?id=49gr98,https://al.fanza.co.jp/?lurl=https%3A%2F%2Fvideo.dmm.co.jp%2Fav%2Fcontent%2F%3Fid%3D49gr98&af_id=okd0405-990&ch=api,,,,単体作品 / アイドル・芸能人
84bz84,84bz84,digital,videoa,バーチャルうぶソープ,2004-06-30 10:00:04,https://video.dmm.co.jp/av/content/?id=84bz84,https://al.fanza.co.jp/?lurl=https%3A%2F%2Fvideo.dmm.co.jp%2Fav%2Fcontent%2F%3Fid%3D84bz84&af_id=okd0405-990&ch=api,,,,パイズリ / フェラ / ミニ系 / キャバ嬢・風俗嬢
pkc051,pkc051,digital,videoa,第一回 人妻床じょうず選手権,2004-06-30 10:00:03,https://video.dmm.co.jp/av/content/?id=pkc051,https://al.fanza.co.jp/?lurl=https%3A%2F%2Fvideo.dmm.co.jp%2Fav%2Fcontent%2F%3Fid%3Dpkc051&af_id=okd0405-990&ch=api,,,,人妻・主婦 / フェラ
53ka1899,53ka1899,digital,videoa,ミルキーロマンス 大原里美,2004-06-30 10:00:03,https://video.dmm.co.jp/av/content/?id=53ka1899,https://al.fanza.co.jp/?lurl=https%3A%2F%2Fvideo.dmm.co.jp%2Fav%2Fcontent%2F%3Fid%3D53ka1899&af_id=okd0405-990&ch=api,,,,アイドル・芸能人 / 巨乳 / 淫乱・ハード系 / 単体作品
61mg17,61mg17,digital,videoa,熟女クイーン,2004-06-30 10:00:02,https://video.dmm.co.jp/av/content/?id=61mg17,https://al.fanza.co.jp/?lurl=https%3A%2F%2Fvideo.dmm.co.jp%2Fav%2Fcontent%2F%3Fid%3D61mg17&af_id=okd0405-990&ch=api,,,,3P・4P / フェラ / ナンパ / 人妻・主婦 / 熟女
tt096,tt096,digital,videoa,レ●プ！暴行現場 ナース編,2004-06-30 10:00:00,https://video.dmm.co.jp/av/content/?id=tt096,https://al.fanza.co.jp/?lurl=https%3A%2F%2Fvideo.dmm.co.jp%2Fav%2Fcontent%2F%3Fid%3Dtt096&af_id=okd0405-990&ch=api,,,,顔射 / オナニー / フェラ / 看護婦・ナース / 単体作品
juk020,juk020,digital,videoa,巨乳ママにやさしく癒されたい,2004-06-30 10:00:00,https://video.dmm.co.jp/av/content/?id=juk020,https://al.fanza.co.jp/?lurl=https%3A%2F%2Fvideo.dmm.co.jp%2Fav%2Fcontent%2F%3Fid%3Djuk020&af_id=okd0405-990&ch=api,,,,巨乳 / お母さん / パイズリ / 独占配信
59het248,59het248,digital,videoa,スーパーZ級企画女優グラビア騙し撮り最高映像,2004-06-29 10:00:06,https://video.dmm.co.jp/av/content/?id=59het248,https://al.fanza.co.jp/?lurl=https%3A%2F%2Fvideo.dmm.co.jp%2Fav%2Fcontent%2F%3Fid%3D59het248&af_id=okd0405-990&ch=api,,,,企画 / 巨乳 / 3P・4P / フェラ
53ka1917,53ka1917,digital,videoa,スィートインパクト 木下まこ,2004-06-29 10:00:06,https://video.dmm.co.jp/av/content/?id=53ka1917,https://al.fanza.co.jp/?lurl=https%3A%2F%2Fvideo.dmm.co.jp%2Fav%2Fcontent%2F%3Fid%3D53ka1917&af_id=okd0405-990&ch=api,,,,アイドル・芸能人 / 巨乳 / 淫乱・ハード系 / デビュー作品 / 単体作品
49mva30,49mva30,digital,videoa,ザ・筆おろし 12,2004-06-29 10:00:05,https://video.dmm.co.jp/av/content/?id=49mva30,https://al.fanza.co.jp/?lurl=https%3A%2F%2Fvideo.dmm.co.jp%2Fav%2Fcontent%2F%3Fid%3D49mva30&af_id=okd0405-990&ch=api,,,,その他 / 企画
56pdx088,56pdx088,digital,videoa,SEX*LIFE virtual 3,2004-06-29 10:00:04,https://video.dmm.co.jp/av/content/?id=56pdx088,https://al.fanza.co.jp/?lurl=https%3A%2F%2Fvideo.dmm.co.jp%2Fav%2Fcontent%2F%3Fid%3D56pdx088&af_id=okd0405-990&ch=api,,,,3P・4P / 素人 / ドキュメンタリー / 学生服
61ih78,61ih78,digital,videoa,はつ恋 逢野まや,2004-06-29 10:00:03,https://video.dmm.co.jp/av/content/?id=61ih78,https://al.fanza.co.jp/?lurl=https%3A%2F%2Fvideo.dmm.co.jp%2Fav%2Fcontent%2F%3Fid%3D61ih78&af_id=okd0405-990&ch=api,,,,単体作品 / デビュー作品
2fx023,2fx023,digital,videoa,巨乳マンション17 中野千夏,2004-06-29 10:00:03,https://video.dmm.co.jp/av/content/?id=2fx023,https://al.fanza.co.jp/?lurl=https%3A%2F%2Fvideo.dmm.co.jp%2Fav%2Fcontent%2F%3Fid%3D2fx023&af_id=okd0405-990&ch=api,,,,パイズリ / 3P・4P / 人妻・主婦 / 単体作品
61ig03,61ig03,digital,videoa,自堕落プリティ 本条きらり,2004-06-29 10:00:02,https://video.dmm.co.jp/av/content/?id=61ig03,https://al.fanza.co.jp/?lurl=https%3A%2F%2Fvideo.dmm.co.jp%2Fav%2Fcontent%2F%3Fid%3D61ig03&af_id=okd0405-990&ch=api,,,,単体作品 / 3P・4P / 野外・露出
104olzd02,104olzd02,digital,videoa,素人12人のオナニーレッスン vol.002,2004-06-29 10:00:02,https://video.dmm.co.jp/av/content/?id=104olzd02,https://al.fanza.co.jp/?lurl=https%3A%2F%2Fvideo.dmm.co.jp%2Fav%2Fcontent%2F%3Fid%3D104olzd02&af_id=okd0405-990&ch=api,,,,オナニー / バイブ / 素人 / 巨乳 / 人妻・主婦
mde197,mde197,digital,videoa,単体女優厳選オナニー,2004-06-29 10:00:01,https://video.dmm.co.jp/av/content/?id=mde197,https://al.fanza.co.jp/?lurl=https%3A%2F%2Fvideo.dmm.co.jp%2Fav%2Fcontent%2F%3Fid%3Dmde197&af_id=okd0405-990&ch=api,,,,ベスト・総集編 / オナニー / 学生服 / ランジェリー / 独占配信
nebd001,nebd001,digital,videoa,素人限定！出会い系サイト即ハメ倶楽部,2004-06-29 10:00:00,https://video.dmm.co.jp/av/content/?id=nebd001,https://al.fanza.co.jp/?lurl=https%3A%2F%2Fvideo.dmm.co.jp%2Fav%2Fcontent%2F%3Fid%3Dnebd001&af_id=okd0405-990&ch=api,,,,インディーズ / 素人 / 職業色々 / 秘書 / OL
gjn014,gjn014,digital,videoa,ザーメン発射6連発 杉本まりえ（23）,2004-06-29 10:00:00,https://video.dmm.co.jp/av/content/?id=gjn014,https://al.fanza.co.jp/?lurl=https%3A%2F%2Fvideo.dmm.co.jp%2Fav%2Fcontent%2F%3Fid%3Dgjn014&af_id=okd0405-990&ch=api,,,,ごっくん / 手コキ / アナル / 中出し / 局部アップ / 3P・4P / ギャル
aka068,aka068,digital,videoa,BLACK HUNT THE YELLOW 2,2004-06-29 10:00:00,https://video.dmm.co.jp/av/content/?id=aka068,https://al.fanza.co.jp/?lurl=https%3A%2F%2Fvideo.dmm.co.jp%2Fav%2Fcontent%2F%3Fid%3Daka068&af_id=okd0405-990&ch=api,,,,独占配信 / インディーズ / 素人 / 黒人男優 / ナンパ
56pdx1102,56pdx1102,digital,videoa,ちかん中毒 発情エクスタシー電車,2004-06-28 10:00:06,https://video.dmm.co.jp/av/content/?id=56pdx1102,https://al.fanza.co.jp/?lurl=https%3A%2F%2Fvideo.dmm.co.jp%2Fav%2Fcontent%2F%3Fid%3D56pdx1102&af_id=okd0405-990&ch=api,,,,3P・4P / フェラ / 巨乳
49hg42,49hg42,digital,videoa,THE FUCK FUCK FUCK 30DX,2004-06-28 10:00:05,https://video.dmm.co.jp/av/content/?id=49hg42,https://al.fanza.co.jp/?lurl=https%3A%2F%2Fvideo.dmm.co.jp%2Fav%2Fcontent%2F%3Fid%3D49hg42&af_id=okd0405-990&ch=api,,,,職業色々 / その他
86cs1094,86cs1094,digital,videoa,ザ・ナンパスペシャル びっくりしたよ！ミラクル横浜中華街【編】,2004-06-28 10:00:04,https://video.dmm.co.jp/av/content/?id=86cs1094,https://al.fanza.co.jp/?lurl=https%3A%2F%2Fvideo.dmm.co.jp%2Fav%2Fcontent%2F%3Fid%3D86cs1094&af_id=okd0405-990&ch=api,,,,3P・4P / 素人 / 企画 / ナンパ
83mad036,83mad036,digital,videoa,高級ロリソープ 松沢はな,2004-06-28 10:00:03,https://video.dmm.co.jp/av/content/?id=83mad036,https://al.fanza.co.jp/?lurl=https%3A%2F%2Fvideo.dmm.co.jp%2Fav%2Fcontent%2F%3Fid%3D83mad036&af_id=okd0405-990&ch=api,,,,キャバ嬢・風俗嬢 / ミニ系 / コスプレ / オナニー
41pjl013,41pjl013,digital,videoa,千春、上が好き 森高千春,2004-06-28 10:00:03,https://video.dmm.co.jp/av/content/?id=41pjl013,https://al.fanza.co.jp/?lurl=https%3A%2F%2Fvideo.dmm.co.jp%2Fav%2Fcontent%2F%3Fid%3D41pjl013&af_id=okd0405-990&ch=api,,,,単体作品 / アイドル・芸能人 / フェラ
18sho003,18sho003,digital,videoa,龍虎朽ちる秘園 清川百合,2004-06-28 10:00:02,https://video.dmm.co.jp/av/content/?id=18sho003,https://al.fanza.co.jp/?lurl=https%3A%2F%2Fvideo.dmm.co.jp%2Fav%2Fcontent%2F%3Fid%3D18sho003&af_id=okd0405-990&ch=api,,,,単体作品 / シックスナイン / 和服・浴衣 / 人妻・主婦 / 熟女
mdv009,mdv009,digital,videoa,MOODYZ 2003年7月～12月作品集,2004-06-28 10:00:01,https://video.dmm.co.jp/av/content/?id=mdv009,https://al.fanza.co.jp/?lurl=https%3A%2F%2Fvideo.dmm.co.jp%2Fav%2Fcontent%2F%3Fid%3Dmdv009&af_id=okd0405-990&ch=api,,,,ベスト・総集編 / 痴女 / コスプレ / アナル / 独占配信
rdb025,rdb025,digital,videoa,レッド突撃隊ベストセレクション Vol.25,2004-06-28 10:00:00,https://video.dmm.co.jp/av/content/?id=rdb025,https://al.fanza.co.jp/?lurl=https%3A%2F%2Fvideo.dmm.co.jp%2Fav%2Fcontent%2F%3Fid%3Drdb025&af_id=okd0405-990&ch=api,,,,野外・露出 / 白人女優 / 水着 / その他フェチ / インディーズ / 独占配信
nqe002,nqe002,digital,videoa,薔薇の雫 京介と誠人,2004-06-28 10:00:00,https://video.dmm.co.jp/av/content/?id=nqe002,https://al.fanza.co.jp/?lurl=https%3A%2F%2Fvideo.dmm.co.jp%2Fav%2Fcontent%2F%3Fid%3Dnqe002&af_id=okd0405-990&ch=api,,,,ゲイ
ioq004,ioq004,digital,videoa,コスプレ娘ハメ撮り大作戦 少女革命●テナ 真崎ゆかり,2004-06-28 10:00:00,https://video.dmm.co.jp/av/content/?id=ioq004,https://al.fanza.co.jp/?lurl=https%3A%2F%2Fvideo.dmm.co.jp%2Fav%2Fcontent%2F%3Fid%3Dioq004&af_id=okd0405-990&ch=api,,,,ハメ撮り / コスプレ / 単体作品
134lll010,134lll010,digital,videoa,HOLIDAY in the SUN 南波杏,2004-06-27 10:00:10,https://video.dmm.co.jp/av/content/?id=134lll010,https://al.fanza.co.jp/?lurl=https%3A%2F%2Fvideo.dmm.co.jp%2Fav%2Fcontent%2F%3Fid%3D134lll010&af_id=okd0405-990&ch=api,,,,単体作品 / イメージビデオ / 水着
56sea265,56sea265,digital,videoa,My Birthday 小沢菜穂,2004-06-27 10:00:09,https://video.dmm.co.jp/av/content/?id=56sea265,https://al.fanza.co.jp/?lurl=https%3A%2F%2Fvideo.dmm.co.jp%2Fav%2Fcontent%2F%3Fid%3D56sea265&af_id=okd0405-990&ch=api,,,,単体作品 / デビュー作品 / 顔射 / 3P・4P / ドキュメンタリー
61rmd022,61rmd022,digital,videoa,堕天使X SPECIAL 5人の淫乱女王たち,2004-06-27 10:00:08,https://video.dmm.co.jp/av/content/?id=61rmd022,https://al.fanza.co.jp/?lurl=https%3A%2F%2Fvideo.dmm.co.jp%2Fav%2Fcontent%2F%3Fid%3D61rmd022&af_id=okd0405-990&ch=api,,,,レズビアン / 乱交
83mad051,83mad051,digital,videoa,ザーメンビタミン 沢口あすか,2004-06-27 10:00:06,https://video.dmm.co.jp/av/content/?id=83mad051,https://al.fanza.co.jp/?lurl=https%3A%2F%2Fvideo.dmm.co.jp%2Fav%2Fcontent%2F%3Fid%3D83mad051&af_id=okd0405-990&ch=api,,,,放尿・お漏らし / 近親相姦 / ぶっかけ / 3P・4P / 単体作品
41lmc021,41lmc021,digital,videoa,コスプレリクエスト 安倍なつき,2004-06-27 10:00:06,https://video.dmm.co.jp/av/content/?id=41lmc021,https://al.fanza.co.jp/?lurl=https%3A%2F%2Fvideo.dmm.co.jp%2Fav%2Fcontent%2F%3Fid%3D41lmc021&af_id=okd0405-990&ch=api,,,,単体作品 / アイドル・芸能人 / コスプレ
85mor014,85mor014,digital,videoa,昔はイイ女スペシャル！？ババァとファック！！,2004-06-27 10:00:05,https://video.dmm.co.jp/av/content/?id=85mor014,https://al.fanza.co.jp/?lurl=https%3A%2F%2Fvideo.dmm.co.jp%2Fav%2Fcontent%2F%3Fid%3D85mor014&af_id=okd0405-990&ch=api,,,,その他フェチ / 企画 / 熟女
125um122,125um122,digital,videoa,ラブリーボイン EとF！,2004-06-27 10:00:05,https://video.dmm.co.jp/av/content/?id=125um122,https://al.fanza.co.jp/?lurl=https%3A%2F%2Fvideo.dmm.co.jp%2Fav%2Fcontent%2F%3Fid%3D125um122&af_id=okd0405-990&ch=api,,,,巨乳フェチ / パイズリ / 巨乳
mde196,mde196,digital,videoa,デジタルモザイク Vol.032 すばる,2004-06-27 10:00:04,https://video.dmm.co.jp/av/content/?id=mde196,https://al.fanza.co.jp/?lurl=https%3A%2F%2Fvideo.dmm.co.jp%2Fav%2Fcontent%2F%3Fid%3Dmde196&af_id=okd0405-990&ch=api,,,,ミニ系 / ランジェリー / デジモ / 手コキ / 独占配信 / 単体作品
52fe546,52fe546,digital,videoa,人妻ブラックレポート,2004-06-27 10:00:04,https://video.dmm.co.jp/av/content/?id=52fe546,https://al.fanza.co.jp/?lurl=https%3A%2F%2Fvideo.dmm.co.jp%2Fav%2Fcontent%2F%3Fid%3D52fe546&af_id=okd0405-990&ch=api,,,,人妻・主婦 / ナンパ / 企画 / フェラ / 投稿
42sp562,42sp562,digital,videoa,強欲奥さまのスケベ汁,2004-06-27 10:00:03,https://video.dmm.co.jp/av/content/?id=42sp562,https://al.fanza.co.jp/?lurl=https%3A%2F%2Fvideo.dmm.co.jp%2Fav%2Fcontent%2F%3Fid%3D42sp562&af_id=okd0405-990&ch=api,,,,素人 / レズビアン / 乱交 / 人妻・主婦 / 熟女
53kr9035,53kr9035,digital,videoa,Wエロス 宮内さおり×嶋田琴美,2004-06-27 10:00:02,https://video.dmm.co.jp/av/content/?id=53kr9035,https://al.fanza.co.jp/?lurl=https%3A%2F%2Fvideo.dmm.co.jp%2Fav%2Fcontent%2F%3Fid%3D53kr9035&af_id=okd0405-990&ch=api,,,,アイドル・芸能人 / レズビアン / 淫乱・ハード系
49hs76,49hs76,digital,videoa,スーパーGスポットSP VOL.18,2004-06-27 10:00:02,https://video.dmm.co.jp/av/content/?id=49hs76,https://al.fanza.co.jp/?lurl=https%3A%2F%2Fvideo.dmm.co.jp%2Fav%2Fcontent%2F%3Fid%3D49hs76&af_id=okd0405-990&ch=api,,,,潮吹き
mdy009,mdy009,digital,videoa,喪服マダムの妄想 赤坂ルナ,2004-06-27 10:00:01,https://video.dmm.co.jp/av/content/?id=mdy009,https://al.fanza.co.jp/?lurl=https%3A%2F%2Fvideo.dmm.co.jp%2Fav%2Fcontent%2F%3Fid%3Dmdy009&af_id=okd0405-990&ch=api,,,,熟女 / 縛り・緊縛 / アナル / 和服・浴衣 / 妄想 / 独占配信 / 単体作品
mrw004,mrw004,digital,videoa,ミニスカモノ vol.4 キタハラアカネ 23歳 OL,2004-06-27 10:00:00,https://video.dmm.co.jp/av/content/?id=mrw004,https://al.fanza.co.jp/?lurl=https%3A%2F%2Fvideo.dmm.co.jp%2Fav%2Fcontent%2F%3Fid%3Dmrw004&af_id=okd0405-990&ch=api,,,,OL / ミニスカ
lh049,lh049,digital,videoa,バイブプレイ バイブ大好き118人,2004-06-27 10:00:00,https://video.dmm.co.jp/av/content/?id=lh049,https://al.fanza.co.jp/?lurl=https%3A%2F%2Fvideo.dmm.co.jp%2Fav%2Fcontent%2F%3Fid%3Dlh049&af_id=okd0405-990&ch=api,,,,インディーズ / バイブ / オナニー / ローター / ベスト・総集編
ju001,ju001,digital,videoa,完熟熟女 大根半分挿入編,2004-06-27 10:00:00,https://video.dmm.co.jp/av/content/?id=ju001,https://al.fanza.co.jp/?lurl=https%3A%2F%2Fvideo.dmm.co.jp%2Fav%2Fcontent%2F%3Fid%3Dju001&af_id=okd0405-990&ch=api,,,,顔射 / 3P・4P / ごっくん / おもちゃ / スカトロ / 放尿・お漏らし / バイブ / 熟女
84mild103,84mild103,digital,videoa,及川奈央の超高級癒し系 おもてなしソープランド,2004-06-26 10:00:09,https://video.dmm.co.jp/av/content/?id=84mild103,https://al.fanza.co.jp/?lurl=https%3A%2F%2Fvideo.dmm.co.jp%2Fav%2Fcontent%2F%3Fid%3D84mild103&af_id=okd0405-990&ch=api,,,,キャバ嬢・風俗嬢 / 和服・浴衣 / ハメ撮り / 野外・露出 / 単体作品
49vf23,49vf23,digital,videoa,女乳 望月なな,2004-06-26 10:00:08,https://video.dmm.co.jp/av/content/?id=49vf23,https://al.fanza.co.jp/?lurl=https%3A%2F%2Fvideo.dmm.co.jp%2Fav%2Fcontent%2F%3Fid%3D49vf23&af_id=okd0405-990&ch=api,,,,アイドル・芸能人 / 単体作品 / 巨乳フェチ / 巨乳
55id11036,55id11036,digital,videoa,僕の女教師ペット 星野くるみ,2004-06-26 10:00:07,https://video.dmm.co.jp/av/content/?id=55id11036,https://al.fanza.co.jp/?lurl=https%3A%2F%2Fvideo.dmm.co.jp%2Fav%2Fcontent%2F%3Fid%3D55id11036&af_id=okd0405-990&ch=api,,,,単体作品 / ランジェリー / 放尿・お漏らし / 盗撮・のぞき / 女教師
3mc001,3mc001,digital,videoa,女優-拘束マニア 湯川えり,2004-06-26 10:00:06,https://video.dmm.co.jp/av/content/?id=3mc001,https://al.fanza.co.jp/?lurl=https%3A%2F%2Fvideo.dmm.co.jp%2Fav%2Fcontent%2F%3Fid%3D3mc001&af_id=okd0405-990&ch=api,,,,独占配信 / 単体作品 / オナニー / SM
mdl139,mdl139,digital,videoa,ロ●ータアナル飼育 尻穴肉便器少女譚 月野しずく,2004-06-26 10:00:05,https://video.dmm.co.jp/av/content/?id=mdl139,https://al.fanza.co.jp/?lurl=https%3A%2F%2Fvideo.dmm.co.jp%2Fav%2Fcontent%2F%3Fid%3Dmdl139&af_id=okd0405-990&ch=api,,,,ミニ系 / アナル / 放尿・お漏らし / 独占配信 / イラマチオ / 単体作品
41vmc013,41vmc013,digital,videoa,レ●プ！花のお天気お姉さん 2,2004-06-26 10:00:05,https://video.dmm.co.jp/av/content/?id=41vmc013,https://al.fanza.co.jp/?lurl=https%3A%2F%2Fvideo.dmm.co.jp%2Fav%2Fcontent%2F%3Fid%3D41vmc013&af_id=okd0405-990&ch=api,,,,単体作品 / アイドル・芸能人
ssp007,ssp007,digital,videoa,精神凌●の宴,2004-06-26 10:00:04,https://video.dmm.co.jp/av/content/?id=ssp007,https://al.fanza.co.jp/?lurl=https%3A%2F%2Fvideo.dmm.co.jp%2Fav%2Fcontent%2F%3Fid%3Dssp007&af_id=okd0405-990&ch=api,,,,職業色々 / 乱交 / 3P・4P / 独占配信
44gd041,44gd041,digital,videoa,メス姉図鑑 隣のお姉さんはエロ上手,2004-06-26 10:00:04,https://video.dmm.co.jp/av/content/?id=44gd041,https://al.fanza.co.jp/?lurl=https%3A%2F%2Fvideo.dmm.co.jp%2Fav%2Fcontent%2F%3Fid%3D44gd041&af_id=okd0405-990&ch=api,,,,痴女 / お姉さん / 巨乳 / オナニー / ランジェリー
mdl134,mdl134,digital,videoa,悪戯痴女 10代の女の子に痴女られるビデオ 遥優衣,2004-06-26 10:00:03,https://video.dmm.co.jp/av/content/?id=mdl134,https://al.fanza.co.jp/?lurl=https%3A%2F%2Fvideo.dmm.co.jp%2Fav%2Fcontent%2F%3Fid%3Dmdl134&af_id=okd0405-990&ch=api,,,,痴女 / 手コキ / 3P・4P / 顔射 / イタズラ / 独占配信 / 単体作品
51ga027,51ga027,digital,videoa,百合の看護婦 浅野知美＆松山こずえ,2004-06-26 10:00:03,https://video.dmm.co.jp/av/content/?id=51ga027,https://al.fanza.co.jp/?lurl=https%3A%2F%2Fvideo.dmm.co.jp%2Fav%2Fcontent%2F%3Fid%3D51ga027&af_id=okd0405-990&ch=api,,,,看護婦・ナース / レズビアン / オナニー
61rmd072,61rmd072,digital,videoa,へアレス8！,2004-06-26 10:00:02,https://video.dmm.co.jp/av/content/?id=61rmd072,https://al.fanza.co.jp/?lurl=https%3A%2F%2Fvideo.dmm.co.jp%2Fav%2Fcontent%2F%3Fid%3D61rmd072&af_id=okd0405-990&ch=api,,,,その他フェチ / パイパン
18sho004,18sho004,digital,videoa,天より降りし一滴 杉原美里,2004-06-26 10:00:02,https://video.dmm.co.jp/av/content/?id=18sho004,https://al.fanza.co.jp/?lurl=https%3A%2F%2Fvideo.dmm.co.jp%2Fav%2Fcontent%2F%3Fid%3D18sho004&af_id=okd0405-990&ch=api,,,,単体作品 / 未亡人 / 和服・浴衣 / 熟女
61mx24,61mx24,digital,videoa,ヌキヌキ★キャンペーン 宇宙企画のお助け隊が行く！,2004-06-26 10:00:01,https://video.dmm.co.jp/av/content/?id=61mx24,https://al.fanza.co.jp/?lurl=https%3A%2F%2Fvideo.dmm.co.jp%2Fav%2Fcontent%2F%3Fid%3D61mx24&af_id=okd0405-990&ch=api,,,,企画
12gld042,12gld042,digital,videoa,騎る女30人DX,2004-06-26 10:00:01,https://video.dmm.co.jp/av/content/?id=12gld042,https://al.fanza.co.jp/?lurl=https%3A%2F%2Fvideo.dmm.co.jp%2Fav%2Fcontent%2F%3Fid%3D12gld042&af_id=okd0405-990&ch=api,,,,騎乗位 / 人妻・主婦 / ベスト・総集編 / 企画 / OL / 看護婦・ナース
rjf002,rjf002,digital,videoa,BLACKR●●E ブラックレ●プ 2,2004-06-26 10:00:00,https://video.dmm.co.jp/av/content/?id=rjf002,https://al.fanza.co.jp/?lurl=https%3A%2F%2Fvideo.dmm.co.jp%2Fav%2Fcontent%2F%3Fid%3Drjf002&af_id=okd0405-990&ch=api,,,,インディーズ / ベスト・総集編 / 3P・4P / 黒人男優
lak001,lak001,digital,videoa,レズ痴● VOL.1,2004-06-26 10:00:00,https://video.dmm.co.jp/av/content/?id=lak001,https://al.fanza.co.jp/?lurl=https%3A%2F%2Fvideo.dmm.co.jp%2Fav%2Fcontent%2F%3Fid%3Dlak001&af_id=okd0405-990&ch=api,,,,レズビアン / 盗撮・のぞき / パンスト・タイツ
78vip176,78vip176,digital,videoa,犯●れたヴィーナス 広瀬友莉子,2004-06-25 10:00:11,https://video.dmm.co.jp/av/content/?id=78vip176,https://al.fanza.co.jp/?lurl=https%3A%2F%2Fvideo.dmm.co.jp%2Fav%2Fcontent%2F%3Fid%3D78vip176&af_id=okd0405-990&ch=api,,,,巨乳 / フェラ / 単体作品
56sea299,56sea299,digital,videoa,い・た・ず・ら 月野しずく,2004-06-25 10:00:10,https://video.dmm.co.jp/av/content/?id=56sea299,https://al.fanza.co.jp/?lurl=https%3A%2F%2Fvideo.dmm.co.jp%2Fav%2Fcontent%2F%3Fid%3D56sea299&af_id=okd0405-990&ch=api,,,,単体作品 / 顔射 / 3P・4P / フェラ / ミニ系
49gr97,49gr97,digital,videoa,M乳遊戯 相田すみれ,2004-06-25 10:00:09,https://video.dmm.co.jp/av/content/?id=49gr97,https://al.fanza.co.jp/?lurl=https%3A%2F%2Fvideo.dmm.co.jp%2Fav%2Fcontent%2F%3Fid%3D49gr97&af_id=okd0405-990&ch=api,,,,巨乳 / 単体作品 / アイドル・芸能人
84mild111,84mild111,digital,videoa,VERY BEST OF 神谷沙織,2004-06-25 10:00:08,https://video.dmm.co.jp/av/content/?id=84mild111,https://al.fanza.co.jp/?lurl=https%3A%2F%2Fvideo.dmm.co.jp%2Fav%2Fcontent%2F%3Fid%3D84mild111&af_id=okd0405-990&ch=api,,,,パイズリ / レズビアン / ベスト・総集編
41hjv023,41hjv023,digital,videoa,甘い恥蜜 安倍なつき,2004-06-25 10:00:07,https://video.dmm.co.jp/av/content/?id=41hjv023,https://al.fanza.co.jp/?lurl=https%3A%2F%2Fvideo.dmm.co.jp%2Fav%2Fcontent%2F%3Fid%3D41hjv023&af_id=okd0405-990&ch=api,,,,単体作品 / アイドル・芸能人
mdg014,mdg014,digital,videoa,地上最後の楽園 風俗島 男のエロティックアイランド,2004-06-25 10:00:06,https://video.dmm.co.jp/av/content/?id=mdg014,https://al.fanza.co.jp/?lurl=https%3A%2F%2Fvideo.dmm.co.jp%2Fav%2Fcontent%2F%3Fid%3Dmdg014&af_id=okd0405-990&ch=api,,,,キャバ嬢・風俗嬢 / パイズリ / 手コキ / 独占配信
86cs1110,86cs1110,digital,videoa,めちゃイケ！ミニスカランドスペシャル 6,2004-06-25 10:00:06,https://video.dmm.co.jp/av/content/?id=86cs1110,https://al.fanza.co.jp/?lurl=https%3A%2F%2Fvideo.dmm.co.jp%2Fav%2Fcontent%2F%3Fid%3D86cs1110&af_id=okd0405-990&ch=api,,,,ミニスカ / 脚フェチ / その他フェチ / ベスト・総集編
62ma227,62ma227,digital,videoa,Boin Boin 3,2004-06-25 10:00:05,https://video.dmm.co.jp/av/content/?id=62ma227,https://al.fanza.co.jp/?lurl=https%3A%2F%2Fvideo.dmm.co.jp%2Fav%2Fcontent%2F%3Fid%3D62ma227&af_id=okd0405-990&ch=api,,,,巨乳 / 巨乳フェチ / フェラ
pkc052,pkc052,digital,videoa,驚愕！変態グルメ「ザーメンから母乳まで」,2004-06-25 10:00:04,https://video.dmm.co.jp/av/content/?id=pkc052,https://al.fanza.co.jp/?lurl=https%3A%2F%2Fvideo.dmm.co.jp%2Fav%2Fcontent%2F%3Fid%3Dpkc052&af_id=okd0405-990&ch=api,,,,母乳 / その他フェチ / ごっくん
53ka1913,53ka1913,digital,videoa,ときめきハート 藤原あや,2004-06-25 10:00:04,https://video.dmm.co.jp/av/content/?id=53ka1913,https://al.fanza.co.jp/?lurl=https%3A%2F%2Fvideo.dmm.co.jp%2Fav%2Fcontent%2F%3Fid%3D53ka1913&af_id=okd0405-990&ch=api,,,,アイドル・芸能人 / 巨乳 / コスプレ / 単体作品
42sp563,42sp563,digital,videoa,綺麗なお姉さんもアブノーマル2,2004-06-25 10:00:03,https://video.dmm.co.jp/av/content/?id=42sp563,https://al.fanza.co.jp/?lurl=https%3A%2F%2Fvideo.dmm.co.jp%2Fav%2Fcontent%2F%3Fid%3D42sp563&af_id=okd0405-990&ch=api,,,,浣腸 / オナニー / スカトロ / その他フェチ
138sfrd031,138sfrd031,digital,videoa,東京BAR美人ファイル,2004-06-25 10:00:03,https://video.dmm.co.jp/av/content/?id=138sfrd031,https://al.fanza.co.jp/?lurl=https%3A%2F%2Fvideo.dmm.co.jp%2Fav%2Fcontent%2F%3Fid%3D138sfrd031&af_id=okd0405-990&ch=api,,,,フェラ / ミニスカ / 貧乳・微乳 / 巨乳
61if91,61if91,digital,videoa,妖精 三原夕香,2004-06-25 10:00:02,https://video.dmm.co.jp/av/content/?id=61if91,https://al.fanza.co.jp/?lurl=https%3A%2F%2Fvideo.dmm.co.jp%2Fav%2Fcontent%2F%3Fid%3D61if91&af_id=okd0405-990&ch=api,,,,女優ベスト・総集編 / 淫乱・ハード系 / クラシック / デビュー作品 / 単体作品
vyw003,vyw003,digital,videoa,BIG BUST 巨乳 熟女 120分,2004-06-25 10:00:00,https://video.dmm.co.jp/av/content/?id=vyw003,https://al.fanza.co.jp/?lurl=https%3A%2F%2Fvideo.dmm.co.jp%2Fav%2Fcontent%2F%3Fid%3Dvyw003&af_id=okd0405-990&ch=api,,,,熟女 / 巨乳 / 巨乳フェチ / パイズリ / シックスナイン / 3P・4P / ベスト・総集編 / インディーズ
ksx001,ksx001,digital,videoa,NEGLIGENT CHLOROFORM（1）,2004-06-25 10:00:00,https://video.dmm.co.jp/av/content/?id=ksx001,https://al.fanza.co.jp/?lurl=https%3A%2F%2Fvideo.dmm.co.jp%2Fav%2Fcontent%2F%3Fid%3Dksx001&af_id=okd0405-990&ch=api,,,,学生服 / 女子校生 / インディーズ / 中出し / バイブ / ドラッグ
59het236,59het236,digital,videoa,巨乳団地妻 2,2004-06-24 10:00:07,https://video.dmm.co.jp/av/content/?id=59het236,https://al.fanza.co.jp/?lurl=https%3A%2F%2Fvideo.dmm.co.jp%2Fav%2Fcontent%2F%3Fid%3D59het236&af_id=okd0405-990&ch=api,,,,3P・4P / 人妻・主婦 / 巨乳 / 不倫 / レズビアン
55twv014,55twv014,digital,videoa,巨乳娘がまたがってしてあげる,2004-06-24 10:00:07,https://video.dmm.co.jp/av/content/?id=55twv014,https://al.fanza.co.jp/?lurl=https%3A%2F%2Fvideo.dmm.co.jp%2Fav%2Fcontent%2F%3Fid%3D55twv014&af_id=okd0405-990&ch=api,,,,パイズリ / その他フェチ / 巨乳フェチ / 巨乳
125um064,125um064,digital,videoa,スワップルズ 2 私に男を選ばせて！！,2004-06-24 10:00:06,https://video.dmm.co.jp/av/content/?id=125um064,https://al.fanza.co.jp/?lurl=https%3A%2F%2Fvideo.dmm.co.jp%2Fav%2Fcontent%2F%3Fid%3D125um064&af_id=okd0405-990&ch=api,,,,アナル / フェラ / 淫乱・ハード系 / 野外・露出 / SM
41wjl002,41wjl002,digital,videoa,淫ら旅 深芳野,2004-06-24 10:00:05,https://video.dmm.co.jp/av/content/?id=41wjl002,https://al.fanza.co.jp/?lurl=https%3A%2F%2Fvideo.dmm.co.jp%2Fav%2Fcontent%2F%3Fid%3D41wjl002&af_id=okd0405-990&ch=api,,,,単体作品 / アイドル・芸能人 / 野外・露出
61br11,61br11,digital,videoa,ネコミミーナ2,2004-06-24 10:00:04,https://video.dmm.co.jp/av/content/?id=61br11,https://al.fanza.co.jp/?lurl=https%3A%2F%2Fvideo.dmm.co.jp%2Fav%2Fcontent%2F%3Fid%3D61br11&af_id=okd0405-990&ch=api,,,,コスプレ / ミニ系
18sho002,18sho002,digital,videoa,浴衣妻燃ゆ刻 神谷麗子,2004-06-24 10:00:04,https://video.dmm.co.jp/av/content/?id=18sho002,https://al.fanza.co.jp/?lurl=https%3A%2F%2Fvideo.dmm.co.jp%2Fav%2Fcontent%2F%3Fid%3D18sho002&af_id=okd0405-990&ch=api,,,,単体作品 / 和服・浴衣 / 人妻・主婦 / 熟女
mdl140,mdl140,digital,videoa,調教痴女 僕はアナタの痴女ペット 愛の逆監禁生活 香山聖,2004-06-24 10:00:03,https://video.dmm.co.jp/av/content/?id=mdl140,https://al.fanza.co.jp/?lurl=https%3A%2F%2Fvideo.dmm.co.jp%2Fav%2Fcontent%2F%3Fid%3Dmdl140&af_id=okd0405-990&ch=api,,,,痴女 / 巨乳 / ランジェリー / 手コキ / 独占配信 / 単体作品
49mva29,49mva29,digital,videoa,猥褻な性 素人娘アブノーマル願望,2004-06-24 10:00:02,https://video.dmm.co.jp/av/content/?id=49mva29,https://al.fanza.co.jp/?lurl=https%3A%2F%2Fvideo.dmm.co.jp%2Fav%2Fcontent%2F%3Fid%3D49mva29&af_id=okd0405-990&ch=api,,,,淫乱・ハード系 / 素人 / 野外・露出 / その他フェチ
104psd05,104psd05,digital,videoa,パンチラストーカー vol.5,2004-06-24 10:00:01,https://video.dmm.co.jp/av/content/?id=104psd05,https://al.fanza.co.jp/?lurl=https%3A%2F%2Fvideo.dmm.co.jp%2Fav%2Fcontent%2F%3Fid%3D104psd05&af_id=okd0405-990&ch=api,,,,盗撮・のぞき / パンチラ / その他フェチ / 企画 / ミニスカ
tt209,tt209,digital,videoa,リアル 2 うさみ恭香,2004-06-24 10:00:00,https://video.dmm.co.jp/av/content/?id=tt209,https://al.fanza.co.jp/?lurl=https%3A%2F%2Fvideo.dmm.co.jp%2Fav%2Fcontent%2F%3Fid%3Dtt209&af_id=okd0405-990&ch=api,,,,ぶっかけ / フェラ / ランジェリー / 学生服 / 単体作品
juk025,juk025,digital,videoa,特選ミセス 麗しの団地妻 7,2004-06-24 10:00:00,https://video.dmm.co.jp/av/content/?id=juk025,https://al.fanza.co.jp/?lurl=https%3A%2F%2Fvideo.dmm.co.jp%2Fav%2Fcontent%2F%3Fid%3Djuk025&af_id=okd0405-990&ch=api,,,,人妻・主婦 / 手コキ / フェラ / 独占配信
56sea249,56sea249,digital,videoa,猥褻クライマックス 零忍,2004-06-23 10:00:06,https://video.dmm.co.jp/av/content/?id=56sea249,https://al.fanza.co.jp/?lurl=https%3A%2F%2Fvideo.dmm.co.jp%2Fav%2Fcontent%2F%3Fid%3D56sea249&af_id=okd0405-990&ch=api,,,,単体作品 / ハメ撮り / 3P・4P / ドキュメンタリー
52fe525,52fe525,digital,videoa,淫獄 小早川まりん,2004-06-23 10:00:05,https://video.dmm.co.jp/av/content/?id=52fe525,https://al.fanza.co.jp/?lurl=https%3A%2F%2Fvideo.dmm.co.jp%2Fav%2Fcontent%2F%3Fid%3D52fe525&af_id=okd0405-990&ch=api,,,,単体作品 / シックスナイン / 人妻・主婦
84mild118,84mild118,digital,videoa,美人マダム2時間 紫彩乃,2004-06-23 10:00:04,https://video.dmm.co.jp/av/content/?id=84mild118,https://al.fanza.co.jp/?lurl=https%3A%2F%2Fvideo.dmm.co.jp%2Fav%2Fcontent%2F%3Fid%3D84mild118&af_id=okd0405-990&ch=api,,,,熟女 / 巨乳 / 浣腸 / SM / 3P・4P / 単体作品
83bor195,83bor195,digital,videoa,Hな義母は好きですか？4,2004-06-23 10:00:03,https://video.dmm.co.jp/av/content/?id=83bor195,https://al.fanza.co.jp/?lurl=https%3A%2F%2Fvideo.dmm.co.jp%2Fav%2Fcontent%2F%3Fid%3D83bor195&af_id=okd0405-990&ch=api,,,,近親相姦 / 人妻・主婦 / お母さん / 熟女
61im79,61im79,digital,videoa,スペルマ侵犯 中山亜樹,2004-06-23 10:00:03,https://video.dmm.co.jp/av/content/?id=61im79,https://al.fanza.co.jp/?lurl=https%3A%2F%2Fvideo.dmm.co.jp%2Fav%2Fcontent%2F%3Fid%3D61im79&af_id=okd0405-990&ch=api,,,,単体作品 / 3P・4P / 縛り・緊縛 / バイブ
78vip187,78vip187,digital,videoa,夏樹りさ 放送局,2004-06-23 10:00:02,https://video.dmm.co.jp/av/content/?id=78vip187,https://al.fanza.co.jp/?lurl=https%3A%2F%2Fvideo.dmm.co.jp%2Fav%2Fcontent%2F%3Fid%3D78vip187&af_id=okd0405-990&ch=api,,,,巨乳 / フェラ / バイブ / オナニー / 顔射 / 単体作品
187mdx061,187mdx061,digital,videoa,LES body 渡瀬晶 きくま聖,2004-06-23 10:00:02,https://video.dmm.co.jp/av/content/?id=187mdx061,https://al.fanza.co.jp/?lurl=https%3A%2F%2Fvideo.dmm.co.jp%2Fav%2Fcontent%2F%3Fid%3D187mdx061&af_id=okd0405-990&ch=api,,,,レズビアン / ランジェリー / デジモ / 看護婦・ナース / 巨乳
53ka1825,53ka1825,digital,videoa,夜に抱かれて 水野早紀,2004-06-23 10:00:01,https://video.dmm.co.jp/av/content/?id=53ka1825,https://al.fanza.co.jp/?lurl=https%3A%2F%2Fvideo.dmm.co.jp%2Fav%2Fcontent%2F%3Fid%3D53ka1825&af_id=okd0405-990&ch=api,,,,アイドル・芸能人 / 美少女 / 野外・露出 / ハメ撮り / 単体作品
42sp567,42sp567,digital,videoa,sex friends,2004-06-23 10:00:01,https://video.dmm.co.jp/av/content/?id=42sp567,https://al.fanza.co.jp/?lurl=https%3A%2F%2Fvideo.dmm.co.jp%2Fav%2Fcontent%2F%3Fid%3D42sp567&af_id=okd0405-990&ch=api,,,,フェラ / ドキュメンタリー / 巨乳
tt075,tt075,digital,videoa,マザーファック 川辺美紀,2004-06-23 10:00:00,https://video.dmm.co.jp/av/content/?id=tt075,https://al.fanza.co.jp/?lurl=https%3A%2F%2Fvideo.dmm.co.jp%2Fav%2Fcontent%2F%3Fid%3Dtt075&af_id=okd0405-990&ch=api,,,,顔射 / オナニー / フェラ / 素人 / 妊婦
juk019,juk019,digital,videoa,働く女のエロ事情 2,2004-06-23 10:00:00,https://video.dmm.co.jp/av/content/?id=juk019,https://al.fanza.co.jp/?lurl=https%3A%2F%2Fvideo.dmm.co.jp%2Fav%2Fcontent%2F%3Fid%3Djuk019&af_id=okd0405-990&ch=api,,,,熟女 / OL / 職業色々 / 裸エプロン / 独占配信
amu002,amu002,digital,videoa,集団痴女（2）,2004-06-23 10:00:00,https://video.dmm.co.jp/av/content/?id=amu002,https://al.fanza.co.jp/?lurl=https%3A%2F%2Fvideo.dmm.co.jp%2Fav%2Fcontent%2F%3Fid%3Damu002&af_id=okd0405-990&ch=api,,,,野外・露出
41hjc019,41hjc019,digital,videoa,ぐりぐりマンボ 葵みのり,2004-06-22 10:00:06,https://video.dmm.co.jp/av/content/?id=41hjc019,https://al.fanza.co.jp/?lurl=https%3A%2F%2Fvideo.dmm.co.jp%2Fav%2Fcontent%2F%3Fid%3D41hjc019&af_id=okd0405-990&ch=api,,,,単体作品 / アイドル・芸能人 / フェラ
49hg41,49hg41,digital,videoa,お姉さんが犯してあげる 8,2004-06-22 10:00:05,https://video.dmm.co.jp/av/content/?id=49hg41,https://al.fanza.co.jp/?lurl=https%3A%2F%2Fvideo.dmm.co.jp%2Fav%2Fcontent%2F%3Fid%3D49hg41&af_id=okd0405-990&ch=api,,,,淫乱・ハード系 / お姉さん
61im19,61im19,digital,videoa,美乳淫行罪 美咲ゆうり,2004-06-22 10:00:02,https://video.dmm.co.jp/av/content/?id=61im19,https://al.fanza.co.jp/?lurl=https%3A%2F%2Fvideo.dmm.co.jp%2Fav%2Fcontent%2F%3Fid%3D61im19&af_id=okd0405-990&ch=api,,,,単体作品 / デビュー作品 / ハメ撮り / フェラ / SM
rdb036,rdb036,digital,videoa,レッド突撃隊ベストセレクション Vol.36,2004-06-22 10:00:00,https://video.dmm.co.jp/av/content/?id=rdb036,https://al.fanza.co.jp/?lurl=https%3A%2F%2Fvideo.dmm.co.jp%2Fav%2Fcontent%2F%3Fid%3Drdb036&af_id=okd0405-990&ch=api,,,,独占配信 / インディーズ / ベスト・総集編 / 3P・4P / レズビアン / その他フェチ / ナンパ
56pdx089,56pdx089,digital,videoa,不倫妻,2004-06-21 10:00:06,https://video.dmm.co.jp/av/content/?id=56pdx089,https://al.fanza.co.jp/?lurl=https%3A%2F%2Fvideo.dmm.co.jp%2Fav%2Fcontent%2F%3Fid%3D56pdx089&af_id=okd0405-990&ch=api,,,,顔射 / 3P・4P / 素人 / ドキュメンタリー / 人妻・主婦
134bj1018,134bj1018,digital,videoa,真面目なOL 夜はドスケベ,2004-06-21 10:00:05,https://video.dmm.co.jp/av/content/?id=134bj1018,https://al.fanza.co.jp/?lurl=https%3A%2F%2Fvideo.dmm.co.jp%2Fav%2Fcontent%2F%3Fid%3D134bj1018&af_id=okd0405-990&ch=api,,,,顔射 / 放尿・お漏らし / 痴女 / OL
86cs1193,86cs1193,digital,videoa,真性痴女・男喰いハイエナの女,2004-06-21 10:00:04,https://video.dmm.co.jp/av/content/?id=86cs1193,https://al.fanza.co.jp/?lurl=https%3A%2F%2Fvideo.dmm.co.jp%2Fav%2Fcontent%2F%3Fid%3D86cs1193&af_id=okd0405-990&ch=api,,,,淫乱・ハード系 / 企画 / 痴女
53kr9105,53kr9105,digital,videoa,ピカ乳 京本香織,2004-06-21 10:00:03,https://video.dmm.co.jp/av/content/?id=53kr9105,https://al.fanza.co.jp/?lurl=https%3A%2F%2Fvideo.dmm.co.jp%2Fav%2Fcontent%2F%3Fid%3D53kr9105&af_id=okd0405-990&ch=api,,,,巨乳 / 巨乳フェチ / コスプレ / デビュー作品 / 単体作品
18sho001,18sho001,digital,videoa,瑠璃色の花弁 上杉佳代子,2004-06-21 10:00:03,https://video.dmm.co.jp/av/content/?id=18sho001,https://al.fanza.co.jp/?lurl=https%3A%2F%2Fvideo.dmm.co.jp%2Fav%2Fcontent%2F%3Fid%3D18sho001&af_id=okd0405-990&ch=api,,,,単体作品 / 近親相姦 / 和服・浴衣 / 未亡人 / 熟女
61ap013,61ap013,digital,videoa,卒業旅行 吉野サリー,2004-06-21 10:00:02,https://video.dmm.co.jp/av/content/?id=61ap013,https://al.fanza.co.jp/?lurl=https%3A%2F%2Fvideo.dmm.co.jp%2Fav%2Fcontent%2F%3Fid%3D61ap013&af_id=okd0405-990&ch=api,,,,単体作品 / コスプレ / オナニー / 看護婦・ナース
104jpsd02,104jpsd02,digital,videoa,実録プール痴●集団 Vol.2,2004-06-21 10:00:02,https://video.dmm.co.jp/av/content/?id=104jpsd02,https://al.fanza.co.jp/?lurl=https%3A%2F%2Fvideo.dmm.co.jp%2Fav%2Fcontent%2F%3Fid%3D104jpsd02&af_id=okd0405-990&ch=api,,,,素人 / 野外・露出 / 企画 / 水着
44s03024,44s03024,digital,videoa,キャバクラSPECIAL キャバ嬢大狂宴,2004-06-21 10:00:01,https://video.dmm.co.jp/av/content/?id=44s03024,https://al.fanza.co.jp/?lurl=https%3A%2F%2Fvideo.dmm.co.jp%2Fav%2Fcontent%2F%3Fid%3D44s03024&af_id=okd0405-990&ch=api,,,,キャバ嬢・風俗嬢 / 企画 / フェラ / 3P・4P
xsw004,xsw004,digital,videoa,だっぷん娘。撮り下ろし（4）,2004-06-21 10:00:00,https://video.dmm.co.jp/av/content/?id=xsw004,https://al.fanza.co.jp/?lurl=https%3A%2F%2Fvideo.dmm.co.jp%2Fav%2Fcontent%2F%3Fid%3Dxsw004&af_id=okd0405-990&ch=api,,,,脱糞 / スカトロ / 浣腸 / ミニスカ / スレンダー / ギャル
uim001,uim001,digital,videoa,素人ビキニ撮影会 あきらちゃん18歳,2004-06-21 10:00:00,https://video.dmm.co.jp/av/content/?id=uim001,https://al.fanza.co.jp/?lurl=https%3A%2F%2Fvideo.dmm.co.jp%2Fav%2Fcontent%2F%3Fid%3Duim001&af_id=okd0405-990&ch=api,,,,ギャル / 水着 / 素人
rex027,rex027,digital,videoa,ほんわか香る脱ぎたてパンツ 臭い嗅がせて下さ～い！ 38人,2004-06-21 10:00:00,https://video.dmm.co.jp/av/content/?id=rex027,https://al.fanza.co.jp/?lurl=https%3A%2F%2Fvideo.dmm.co.jp%2Fav%2Fcontent%2F%3Fid%3Drex027&af_id=okd0405-990&ch=api,,,,独占配信 / OL / その他フェチ / ギャル / インディーズ
57bmbd010a,57bmbd010a,digital,videoa,Second Love 小倉杏,2004-06-20 10:00:09,https://video.dmm.co.jp/av/content/?id=57bmbd010a,https://al.fanza.co.jp/?lurl=https%3A%2F%2Fvideo.dmm.co.jp%2Fav%2Fcontent%2F%3Fid%3D57bmbd010a&af_id=okd0405-990&ch=api,,,,単体作品 / イラマチオ / レズビアン / 近親相姦 / 3P・4P / 縛り・緊縛 / ミニ系
55id11024,55id11024,digital,videoa,監禁TAXI,2004-06-20 10:00:08,https://video.dmm.co.jp/av/content/?id=55id11024,https://al.fanza.co.jp/?lurl=https%3A%2F%2Fvideo.dmm.co.jp%2Fav%2Fcontent%2F%3Fid%3D55id11024&af_id=okd0405-990&ch=api,,,,職業色々 / 淫語 / カーセックス
dgp001,dgp001,digital,videoa,溜池ゴロー 麗しの女教師ペット 金子リサ,2004-06-20 10:00:06,https://video.dmm.co.jp/av/content/?id=dgp001,https://al.fanza.co.jp/?lurl=https%3A%2F%2Fvideo.dmm.co.jp%2Fav%2Fcontent%2F%3Fid%3Ddgp001&af_id=okd0405-990&ch=api,,,,コスプレ / 女教師 / バイブ / 単体作品
61mds047,61mds047,digital,videoa,ラブチャット 大澤恵,2004-06-20 10:00:06,https://video.dmm.co.jp/av/content/?id=61mds047,https://al.fanza.co.jp/?lurl=https%3A%2F%2Fvideo.dmm.co.jp%2Fav%2Fcontent%2F%3Fid%3D61mds047&af_id=okd0405-990&ch=api,,,,女子校生 / 手コキ / 美少女 / 単体作品
rb031,rb031,digital,videoa,龍縛監禁凌●6 哀虐のラスト ノート 小泉キラリ,2004-06-20 10:00:05,https://video.dmm.co.jp/av/content/?id=rb031,https://al.fanza.co.jp/?lurl=https%3A%2F%2Fvideo.dmm.co.jp%2Fav%2Fcontent%2F%3Fid%3Drb031&af_id=okd0405-990&ch=api,,,,職業色々 / SM / 放尿・お漏らし / 縛り・緊縛 / 独占配信 / 単体作品
49mvs57,49mvs57,digital,videoa,昼下がりの淫ら妻 6,2004-06-20 10:00:05,https://video.dmm.co.jp/av/content/?id=49mvs57,https://al.fanza.co.jp/?lurl=https%3A%2F%2Fvideo.dmm.co.jp%2Fav%2Fcontent%2F%3Fid%3D49mvs57&af_id=okd0405-990&ch=api,,,,淫乱・ハード系 / 人妻・主婦 / 熟女
mdl138,mdl138,digital,videoa,初めてのアナル 4th. 吉澤レイカ,2004-06-20 10:00:03,https://video.dmm.co.jp/av/content/?id=mdl138,https://al.fanza.co.jp/?lurl=https%3A%2F%2Fvideo.dmm.co.jp%2Fav%2Fcontent%2F%3Fid%3Dmdl138&af_id=okd0405-990&ch=api,,,,アナル / 浣腸 / 異物挿入 / 3P・4P / 独占配信 / 単体作品
62ma218,62ma218,digital,videoa,女教師だってガマンできない 3,2004-06-20 10:00:03,https://video.dmm.co.jp/av/content/?id=62ma218,https://al.fanza.co.jp/?lurl=https%3A%2F%2Fvideo.dmm.co.jp%2Fav%2Fcontent%2F%3Fid%3D62ma218&af_id=okd0405-990&ch=api,,,,女教師 / 巨乳 / パイズリ / 縛り・緊縛
mdl135,mdl135,digital,videoa,イカセ4本番 絶頂オマンコトランス 平山朝香,2004-06-20 10:00:02,https://video.dmm.co.jp/av/content/?id=mdl135,https://al.fanza.co.jp/?lurl=https%3A%2F%2Fvideo.dmm.co.jp%2Fav%2Fcontent%2F%3Fid%3Dmdl135&af_id=okd0405-990&ch=api,,,,美少女 / 3P・4P / メイド / 独占配信 / 単体作品
138sfrd033,138sfrd033,digital,videoa,快楽美人スチュワーデス,2004-06-20 10:00:02,https://video.dmm.co.jp/av/content/?id=138sfrd033,https://al.fanza.co.jp/?lurl=https%3A%2F%2Fvideo.dmm.co.jp%2Fav%2Fcontent%2F%3Fid%3D138sfrd033&af_id=okd0405-990&ch=api,,,,その他フェチ / 巨乳 / スチュワーデス
53ka1901,53ka1901,digital,videoa,れもん白書 河合美奈,2004-06-20 10:00:01,https://video.dmm.co.jp/av/content/?id=53ka1901,https://al.fanza.co.jp/?lurl=https%3A%2F%2Fvideo.dmm.co.jp%2Fav%2Fcontent%2F%3Fid%3D53ka1901&af_id=okd0405-990&ch=api,,,,巨乳 / ミニ系 / セーラー服 / その他フェチ / 単体作品
42sp554,42sp554,digital,videoa,全国風俗ガイド 潜入！裏風俗85時間,2004-06-20 10:00:01,https://video.dmm.co.jp/av/content/?id=42sp554,https://al.fanza.co.jp/?lurl=https%3A%2F%2Fvideo.dmm.co.jp%2Fav%2Fcontent%2F%3Fid%3D42sp554&af_id=okd0405-990&ch=api,,,,キャバ嬢・風俗嬢 / 巨乳 / 企画 / フェラ
yrz004,yrz004,digital,videoa,痴●のいる電車 OL Edition,2004-06-20 10:00:00,https://video.dmm.co.jp/av/content/?id=yrz004,https://al.fanza.co.jp/?lurl=https%3A%2F%2Fvideo.dmm.co.jp%2Fav%2Fcontent%2F%3Fid%3Dyrz004&af_id=okd0405-990&ch=api,,,,インディーズ / OL
tfi001,tfi001,digital,videoa,近親相姦 姉と弟 かおり・おさむ,2004-06-20 10:00:00,https://video.dmm.co.jp/av/content/?id=tfi001,https://al.fanza.co.jp/?lurl=https%3A%2F%2Fvideo.dmm.co.jp%2Fav%2Fcontent%2F%3Fid%3Dtfi001&af_id=okd0405-990&ch=api,,,,インディーズ / バイブ / 中出し / 近親相姦 / お姉さん
44a04011,44a04011,digital,videoa,The出血大制服2 進藤玲菜,2004-06-19 10:00:10,https://video.dmm.co.jp/av/content/?id=44a04011,https://al.fanza.co.jp/?lurl=https%3A%2F%2Fvideo.dmm.co.jp%2Fav%2Fcontent%2F%3Fid%3D44a04011&af_id=okd0405-990&ch=api,,,,OL / 看護婦・ナース / ウェイトレス / 顔射 / コスプレ / 単体作品
61rmd164,61rmd164,digital,videoa,蜜姫…淫夢の世界 上原深雪,2004-06-19 10:00:09,https://video.dmm.co.jp/av/content/?id=61rmd164,https://al.fanza.co.jp/?lurl=https%3A%2F%2Fvideo.dmm.co.jp%2Fav%2Fcontent%2F%3Fid%3D61rmd164&af_id=okd0405-990&ch=api,,,,縛り・緊縛 / SM / 淫乱・ハード系 / 単体作品
84rmild103,84rmild103,digital,videoa,完全攻略13 朝倉海音,2004-06-19 10:00:07,https://video.dmm.co.jp/av/content/?id=84rmild103,https://al.fanza.co.jp/?lurl=https%3A%2F%2Fvideo.dmm.co.jp%2Fav%2Fcontent%2F%3Fid%3D84rmild103&af_id=okd0405-990&ch=api,,,,単体作品 / レズビアン / 痴女 / 女教師
78vip180,78vip180,digital,videoa,変態さんいらっしゃい 吉澤レイカ,2004-06-19 10:00:06,https://video.dmm.co.jp/av/content/?id=78vip180,https://al.fanza.co.jp/?lurl=https%3A%2F%2Fvideo.dmm.co.jp%2Fav%2Fcontent%2F%3Fid%3D78vip180&af_id=okd0405-990&ch=api,,,,SM / その他フェチ / アナル / 飲尿 / 縛り・緊縛 / 単体作品
parat00130,parat00130,digital,videoa,レズ・レ●プ～女に犯●れた私～ Vol.2,2004-06-19 10:00:05,https://video.dmm.co.jp/av/content/?id=parat00130,https://al.fanza.co.jp/?lurl=https%3A%2F%2Fvideo.dmm.co.jp%2Fav%2Fcontent%2F%3Fid%3Dparat00130&af_id=okd0405-990&ch=api,,,,単体作品 / レズビアン / ドキュメンタリー
41vsv012,41vsv012,digital,videoa,美乳遊戯,2004-06-19 10:00:05,https://video.dmm.co.jp/av/content/?id=41vsv012,https://al.fanza.co.jp/?lurl=https%3A%2F%2Fvideo.dmm.co.jp%2Fav%2Fcontent%2F%3Fid%3D41vsv012&af_id=okd0405-990&ch=api,,,,単体作品 / アイドル・芸能人
49hs75,49hs75,digital,videoa,お姉さんが犯してあげる 27,2004-06-19 10:00:04,https://video.dmm.co.jp/av/content/?id=49hs75,https://al.fanza.co.jp/?lurl=https%3A%2F%2Fvideo.dmm.co.jp%2Fav%2Fcontent%2F%3Fid%3D49hs75&af_id=okd0405-990&ch=api,,,,淫乱・ハード系 / お姉さん
2bt040,2bt040,digital,videoa,ドリームシャワー No.40 小泉キラリ,2004-06-19 10:00:04,https://video.dmm.co.jp/av/content/?id=2bt040,https://al.fanza.co.jp/?lurl=https%3A%2F%2Fvideo.dmm.co.jp%2Fav%2Fcontent%2F%3Fid%3D2bt040&af_id=okd0405-990&ch=api,,,,単体作品 / オナニー / ぶっかけ / SM
mde195,mde195,digital,videoa,ドリームウーマン DREAM WOMAN VOL.27 逢乃うさぎ,2004-06-19 10:00:03,https://video.dmm.co.jp/av/content/?id=mde195,https://al.fanza.co.jp/?lurl=https%3A%2F%2Fvideo.dmm.co.jp%2Fav%2Fcontent%2F%3Fid%3Dmde195&af_id=okd0405-990&ch=api,,,,コスプレ / ぶっかけ / デジモ / 拘束 / 巨乳 / 独占配信 / 単体作品
52fe564,52fe564,digital,videoa,病淫（びょういん） 看護婦今昔,2004-06-19 10:00:03,https://video.dmm.co.jp/av/content/?id=52fe564,https://al.fanza.co.jp/?lurl=https%3A%2F%2Fvideo.dmm.co.jp%2Fav%2Fcontent%2F%3Fid%3D52fe564&af_id=okd0405-990&ch=api,,,,看護婦・ナース / 痴女 / 巨乳 / フェラ / 3P・4P
53ka1882,53ka1882,digital,videoa,友穂におまかせ 三田友穂,2004-06-19 10:00:02,https://video.dmm.co.jp/av/content/?id=53ka1882,https://al.fanza.co.jp/?lurl=https%3A%2F%2Fvideo.dmm.co.jp%2Fav%2Fcontent%2F%3Fid%3D53ka1882&af_id=okd0405-990&ch=api,,,,アイドル・芸能人 / 女子校生 / 体操着・ブルマ / 学生服 / 単体作品
187mdx062,187mdx062,digital,videoa,「D」DEBUT BEFORE 森永のあ,2004-06-19 10:00:02,https://video.dmm.co.jp/av/content/?id=187mdx062,https://al.fanza.co.jp/?lurl=https%3A%2F%2Fvideo.dmm.co.jp%2Fav%2Fcontent%2F%3Fid%3D187mdx062&af_id=okd0405-990&ch=api,,,,デジモ / 淫乱・ハード系 / ランジェリー / 3P・4P / ハメ撮り / 単体作品
86cs1165,86cs1165,digital,videoa,隣のお姉さんの卑猥なお尻ちゃんに辛抱たまらん,2004-06-19 10:00:01,https://video.dmm.co.jp/av/content/?id=86cs1165,https://al.fanza.co.jp/?lurl=https%3A%2F%2Fvideo.dmm.co.jp%2Fav%2Fcontent%2F%3Fid%3D86cs1165&af_id=okd0405-990&ch=api,,,,尻フェチ / 企画 / お姉さん
18hien02,18hien02,digital,videoa,秘園 美人妻淫靡なる愛の罠 叶麗子,2004-06-19 10:00:01,https://video.dmm.co.jp/av/content/?id=18hien02,https://al.fanza.co.jp/?lurl=https%3A%2F%2Fvideo.dmm.co.jp%2Fav%2Fcontent%2F%3Fid%3D18hien02&af_id=okd0405-990&ch=api,,,,単体作品 / 人妻・主婦 / 和服・浴衣 / 3P・4P / 縛り・緊縛 / 巨乳
vyw004,vyw004,digital,videoa,BIG BUST 巨乳 女子校生 120分,2004-06-19 10:00:00,https://video.dmm.co.jp/av/content/?id=vyw004,https://al.fanza.co.jp/?lurl=https%3A%2F%2Fvideo.dmm.co.jp%2Fav%2Fcontent%2F%3Fid%3Dvyw004&af_id=okd0405-990&ch=api,,,,体操着・ブルマ / セーラー服 / 学生服 / 巨乳フェチ / バイブ / オナニー / パイズリ / インディーズ / 女子校生 / 巨乳 / 3P・4P / ベスト・総集編
ekv001,ekv001,digital,videoa,素人ハメ撮りデート [本日のカップル]サキちゃん･タクくん,2004-06-19 10:00:00,https://video.dmm.co.jp/av/content/?id=ekv001,https://al.fanza.co.jp/?lurl=https%3A%2F%2Fvideo.dmm.co.jp%2Fav%2Fcontent%2F%3Fid%3Dekv001&af_id=okd0405-990&ch=api,,,,ハメ撮り / 素人 / カップル
134cwl008,134cwl008,digital,videoa,常盤桜子 メモリアル,2004-06-18 10:00:10,https://video.dmm.co.jp/av/content/?id=134cwl008,https://al.fanza.co.jp/?lurl=https%3A%2F%2Fvideo.dmm.co.jp%2Fav%2Fcontent%2F%3Fid%3D134cwl008&af_id=okd0405-990&ch=api,,,,企画 / コスプレ / ぶっかけ / 単体作品 / 女優ベスト・総集編
61rmd073,61rmd073,digital,videoa,堕天使X 川嶋なな,2004-06-18 10:00:09,https://video.dmm.co.jp/av/content/?id=61rmd073,https://al.fanza.co.jp/?lurl=https%3A%2F%2Fvideo.dmm.co.jp%2Fav%2Fcontent%2F%3Fid%3D61rmd073&af_id=okd0405-990&ch=api,,,,単体作品 / 縛り・緊縛 / 野外・露出 / ボンテージ
49vf22,49vf22,digital,videoa,コスプレ召使い 前田優香,2004-06-18 10:00:08,https://video.dmm.co.jp/av/content/?id=49vf22,https://al.fanza.co.jp/?lurl=https%3A%2F%2Fvideo.dmm.co.jp%2Fav%2Fcontent%2F%3Fid%3D49vf22&af_id=okd0405-990&ch=api,,,,コスプレ / アイドル・芸能人 / 単体作品
134cwbj026,134cwbj026,digital,videoa,ピリオドの向こうへ 2 くらら,2004-06-18 10:00:07,https://video.dmm.co.jp/av/content/?id=134cwbj026,https://al.fanza.co.jp/?lurl=https%3A%2F%2Fvideo.dmm.co.jp%2Fav%2Fcontent%2F%3Fid%3D134cwbj026&af_id=okd0405-990&ch=api,,,,単体作品 / 企画 / ぶっかけ / オナニー / 放尿・お漏らし
an146,an146,digital,videoa,Angelヒロイン 大空あすか,2004-06-18 10:00:06,https://video.dmm.co.jp/av/content/?id=an146,https://al.fanza.co.jp/?lurl=https%3A%2F%2Fvideo.dmm.co.jp%2Fav%2Fcontent%2F%3Fid%3Dan146&af_id=okd0405-990&ch=api,,,,コスプレ / ミニ系 / 独占配信 / 単体作品
55twd012,55twd012,digital,videoa,おしおき女子校生 海野ひかり,2004-06-18 10:00:06,https://video.dmm.co.jp/av/content/?id=55twd012,https://al.fanza.co.jp/?lurl=https%3A%2F%2Fvideo.dmm.co.jp%2Fav%2Fcontent%2F%3Fid%3D55twd012&af_id=okd0405-990&ch=api,,,,女子校生 / 学生服 / セーラー服 / 盗撮・のぞき / デビュー作品 / 単体作品
mdl137,mdl137,digital,videoa,W巨乳 ～Sな妄想Mな妄想～[グラビアアイドル撮影会編],2004-06-18 10:00:05,https://video.dmm.co.jp/av/content/?id=mdl137,https://al.fanza.co.jp/?lurl=https%3A%2F%2Fvideo.dmm.co.jp%2Fav%2Fcontent%2F%3Fid%3Dmdl137&af_id=okd0405-990&ch=api,,,,巨乳フェチ / コスプレ / パイズリ / 巨乳 / 独占配信
41wjl006,41wjl006,digital,videoa,淫らの森 長谷川瞳,2004-06-18 10:00:05,https://video.dmm.co.jp/av/content/?id=41wjl006,https://al.fanza.co.jp/?lurl=https%3A%2F%2Fvideo.dmm.co.jp%2Fav%2Fcontent%2F%3Fid%3D41wjl006&af_id=okd0405-990&ch=api,,,,単体作品 / 淫乱・ハード系
104exvd04,104exvd04,digital,videoa,エクストラ・バーチャ VOL.4 奈央美 22歳,2004-06-18 10:00:04,https://video.dmm.co.jp/av/content/?id=104exvd04,https://al.fanza.co.jp/?lurl=https%3A%2F%2Fvideo.dmm.co.jp%2Fav%2Fcontent%2F%3Fid%3D104exvd04&af_id=okd0405-990&ch=api,,,,ハメ撮り / 淫語 / オナニー / フェラ / 単体作品
2dsd036,2dsd036,digital,videoa,THE BEST びちょびちょ濡れ娘とぐちょぐちょ汚れ雌,2004-06-18 10:00:03,https://video.dmm.co.jp/av/content/?id=2dsd036,https://al.fanza.co.jp/?lurl=https%3A%2F%2Fvideo.dmm.co.jp%2Fav%2Fcontent%2F%3Fid%3D2dsd036&af_id=okd0405-990&ch=api,,,,縛り・緊縛 / パイズリ / 手コキ / 巨乳
125um120,125um120,digital,videoa,ジ・コ・マ・ン・16 ノーパン危機一発！,2004-06-18 10:00:03,https://video.dmm.co.jp/av/content/?id=125um120,https://al.fanza.co.jp/?lurl=https%3A%2F%2Fvideo.dmm.co.jp%2Fav%2Fcontent%2F%3Fid%3D125um120&af_id=okd0405-990&ch=api,,,,フェラ / ドキュメンタリー / スレンダー
53ka1914,53ka1914,digital,videoa,リバイバル 浅倉舞,2004-06-18 10:00:02,https://video.dmm.co.jp/av/content/?id=53ka1914,https://al.fanza.co.jp/?lurl=https%3A%2F%2Fvideo.dmm.co.jp%2Fav%2Fcontent%2F%3Fid%3D53ka1914&af_id=okd0405-990&ch=api,,,,アイドル・芸能人 / 淫乱・ハード系 / ハメ撮り / 単体作品
42vo221,42vo221,digital,videoa,女医 冴島奈緒,2004-06-18 10:00:02,https://video.dmm.co.jp/av/content/?id=42vo221,https://al.fanza.co.jp/?lurl=https%3A%2F%2Fvideo.dmm.co.jp%2Fav%2Fcontent%2F%3Fid%3D42vo221&af_id=okd0405-990&ch=api,,,,女医 / 巨乳 / レズビアン / 顔射
61bz63,61bz63,digital,videoa,新人モデルズ 特出しCHECK Vol.2 20人,2004-06-18 10:00:01,https://video.dmm.co.jp/av/content/?id=61bz63,https://al.fanza.co.jp/?lurl=https%3A%2F%2Fvideo.dmm.co.jp%2Fav%2Fcontent%2F%3Fid%3D61bz63&af_id=okd0405-990&ch=api,,,,素人
sto029,sto029,digital,videoa,東京STREET 新宿編 なおみチャン,2004-06-18 10:00:00,https://video.dmm.co.jp/av/content/?id=sto029,https://al.fanza.co.jp/?lurl=https%3A%2F%2Fvideo.dmm.co.jp%2Fav%2Fcontent%2F%3Fid%3Dsto029&af_id=okd0405-990&ch=api,,,,インディーズ / バイブ / シックスナイン / 素人 / ナンパ / ミニスカ / スレンダー / 巨乳 / ギャル / OL
ntq001,ntq001,digital,videoa,ネット流出裏物 長瀬愛,2004-06-18 10:00:00,https://video.dmm.co.jp/av/content/?id=ntq001,https://al.fanza.co.jp/?lurl=https%3A%2F%2Fvideo.dmm.co.jp%2Fav%2Fcontent%2F%3Fid%3Dntq001&af_id=okd0405-990&ch=api,,,,インディーズ / ごっくん / コスプレ / 単体作品
juk024,juk024,digital,videoa,熟女ナマ撮り 小沢あゆみ 神咲レイラ,2004-06-18 10:00:00,https://video.dmm.co.jp/av/content/?id=juk024,https://al.fanza.co.jp/?lurl=https%3A%2F%2Fvideo.dmm.co.jp%2Fav%2Fcontent%2F%3Fid%3Djuk024&af_id=okd0405-990&ch=api,,,,熟女 / おもちゃ / パイパン / クンニ / 独占配信
56sea243,56sea243,digital,videoa,折原栞はレンタル中,2004-06-17 10:00:06,https://video.dmm.co.jp/av/content/?id=56sea243,https://al.fanza.co.jp/?lurl=https%3A%2F%2Fvideo.dmm.co.jp%2Fav%2Fcontent%2F%3Fid%3D56sea243&af_id=okd0405-990&ch=api,,,,単体作品 / 顔射 / 3P・4P / コスプレ / セーラー服
138sfrd030,138sfrd030,digital,videoa,オススメボイン 誘惑爆乳娘,2004-06-17 10:00:05,https://video.dmm.co.jp/av/content/?id=138sfrd030,https://al.fanza.co.jp/?lurl=https%3A%2F%2Fvideo.dmm.co.jp%2Fav%2Fcontent%2F%3Fid%3D138sfrd030&af_id=okd0405-990&ch=api,,,,フェラ / 巨乳フェチ / 巨乳
447a065,447a065,digital,videoa,ひとかけらの純情 みなみありす,2004-06-17 10:00:04,https://video.dmm.co.jp/av/content/?id=447a065,https://al.fanza.co.jp/?lurl=https%3A%2F%2Fvideo.dmm.co.jp%2Fav%2Fcontent%2F%3Fid%3D447a065&af_id=okd0405-990&ch=api,,,,フェラ / 学生服 / 単体作品
3fg015,3fg015,digital,videoa,イカせ続けると女はどーなるのか？ 川村美咲,2004-06-17 10:00:04,https://video.dmm.co.jp/av/content/?id=3fg015,https://al.fanza.co.jp/?lurl=https%3A%2F%2Fvideo.dmm.co.jp%2Fav%2Fcontent%2F%3Fid%3D3fg015&af_id=okd0405-990&ch=api,,,,独占配信 / 単体作品 / 淫乱・ハード系 / 3P・4P / 潮吹き / 縛り・緊縛 / 巨乳
62ma222,62ma222,digital,videoa,ミセス東京デート 8,2004-06-17 10:00:03,https://video.dmm.co.jp/av/content/?id=62ma222,https://al.fanza.co.jp/?lurl=https%3A%2F%2Fvideo.dmm.co.jp%2Fav%2Fcontent%2F%3Fid%3D62ma222&af_id=okd0405-990&ch=api,,,,熟女 / 人妻・主婦 / 巨乳 / 顔射
mdy008,mdy008,digital,videoa,義母 レオナ 麻布レオナ,2004-06-17 10:00:02,https://video.dmm.co.jp/av/content/?id=mdy008,https://al.fanza.co.jp/?lurl=https%3A%2F%2Fvideo.dmm.co.jp%2Fav%2Fcontent%2F%3Fid%3Dmdy008&af_id=okd0405-990&ch=api,,,,熟女 / お母さん / 3P・4P / 拘束 / 独占配信 / 単体作品
53kr9031,53kr9031,digital,videoa,エキサイティングF-カップ 樋口沙織,2004-06-17 10:00:02,https://video.dmm.co.jp/av/content/?id=53kr9031,https://al.fanza.co.jp/?lurl=https%3A%2F%2Fvideo.dmm.co.jp%2Fav%2Fcontent%2F%3Fid%3D53kr9031&af_id=okd0405-990&ch=api,,,,美少女 / 巨乳 / 淫乱・ハード系 / 単体作品
83ccx004,83ccx004,digital,videoa,マダムレポート4～スケベな人妻でごめんなさい～,2004-06-17 10:00:01,https://video.dmm.co.jp/av/content/?id=83ccx004,https://al.fanza.co.jp/?lurl=https%3A%2F%2Fvideo.dmm.co.jp%2Fav%2Fcontent%2F%3Fid%3D83ccx004&af_id=okd0405-990&ch=api,,,,熟女 / パイズリ / 3P・4P
61bf96,61bf96,digital,videoa,あやしい人妻 9［素人若妻悶絶白書］,2004-06-17 10:00:01,https://video.dmm.co.jp/av/content/?id=61bf96,https://al.fanza.co.jp/?lurl=https%3A%2F%2Fvideo.dmm.co.jp%2Fav%2Fcontent%2F%3Fid%3D61bf96&af_id=okd0405-990&ch=api,,,,素人 / 人妻・主婦
tt208,tt208,digital,videoa,リアル 1 うさみ恭香,2004-06-17 10:00:00,https://video.dmm.co.jp/av/content/?id=tt208,https://al.fanza.co.jp/?lurl=https%3A%2F%2Fvideo.dmm.co.jp%2Fav%2Fcontent%2F%3Fid%3Dtt208&af_id=okd0405-990&ch=api,,,,ローター / オナニー / ぶっかけ / ランジェリー / 単体作品
tt002,tt002,digital,videoa,アメリカンブラックパワー 2,2004-06-17 10:00:00,https://video.dmm.co.jp/av/content/?id=tt002,https://al.fanza.co.jp/?lurl=https%3A%2F%2Fvideo.dmm.co.jp%2Fav%2Fcontent%2F%3Fid%3Dtt002&af_id=okd0405-990&ch=api,,,,シックスナイン / ごっくん / フェラ / カーセックス / 黒人男優 / 単体作品
juk017,juk017,digital,videoa,挑発巨乳妻 街頭逆ナンパ ［2］,2004-06-17 10:00:00,https://video.dmm.co.jp/av/content/?id=juk017,https://al.fanza.co.jp/?lurl=https%3A%2F%2Fvideo.dmm.co.jp%2Fav%2Fcontent%2F%3Fid%3Djuk017&af_id=okd0405-990&ch=api,,,,人妻・主婦 / 巨乳 / 手コキ / パイズリ / 逆ナン / 独占配信
61im66,61im66,digital,videoa,発禁エロス 小沢まどか,2004-06-16 10:00:05,https://video.dmm.co.jp/av/content/?id=61im66,https://al.fanza.co.jp/?lurl=https%3A%2F%2Fvideo.dmm.co.jp%2Fav%2Fcontent%2F%3Fid%3D61im66&af_id=okd0405-990&ch=api,,,,単体作品 / コスプレ / 3P・4P
41lmc017,41lmc017,digital,videoa,あぶない放課後…桜ことみ,2004-06-16 10:00:04,https://video.dmm.co.jp/av/content/?id=41lmc017,https://al.fanza.co.jp/?lurl=https%3A%2F%2Fvideo.dmm.co.jp%2Fav%2Fcontent%2F%3Fid%3D41lmc017&af_id=okd0405-990&ch=api,,,,単体作品 / 淫乱・ハード系 / 体操着・ブルマ / 女子校生
84bz81,84bz81,digital,videoa,コスプレ 堤さやか,2004-06-16 10:00:03,https://video.dmm.co.jp/av/content/?id=84bz81,https://al.fanza.co.jp/?lurl=https%3A%2F%2Fvideo.dmm.co.jp%2Fav%2Fcontent%2F%3Fid%3D84bz81&af_id=okd0405-990&ch=api,,,,単体作品 / コスプレ / バイブ / ミニ系
mdl136,mdl136,digital,videoa,おっぱいづくし！ 彩名杏子,2004-06-16 10:00:02,https://video.dmm.co.jp/av/content/?id=mdl136,https://al.fanza.co.jp/?lurl=https%3A%2F%2Fvideo.dmm.co.jp%2Fav%2Fcontent%2F%3Fid%3Dmdl136&af_id=okd0405-990&ch=api,,,,巨乳フェチ / 縛り・緊縛 / 野外・露出 / パイズリ / 独占配信 / 単体作品
53kr9038,53kr9038,digital,videoa,充血令嬢 月下の異常性欲 星崎るな,2004-06-16 10:00:02,https://video.dmm.co.jp/av/content/?id=53kr9038,https://al.fanza.co.jp/?lurl=https%3A%2F%2Fvideo.dmm.co.jp%2Fav%2Fcontent%2F%3Fid%3D53kr9038&af_id=okd0405-990&ch=api,,,,お嬢様・令嬢 / 淫乱・ハード系 / 単体作品
42sp569,42sp569,digital,videoa,全国即ヤリマップ Amateur free sex,2004-06-16 10:00:01,https://video.dmm.co.jp/av/content/?id=42sp569,https://al.fanza.co.jp/?lurl=https%3A%2F%2Fvideo.dmm.co.jp%2Fav%2Fcontent%2F%3Fid%3D42sp569&af_id=okd0405-990&ch=api,,,,フェラ / 素人 / 企画 / ナンパ
tt074,tt074,digital,videoa,マザーファック 村上純子,2004-06-16 10:00:00,https://video.dmm.co.jp/av/content/?id=tt074,https://al.fanza.co.jp/?lurl=https%3A%2F%2Fvideo.dmm.co.jp%2Fav%2Fcontent%2F%3Fid%3Dtt074&af_id=okd0405-990&ch=api,,,,オナニー / フェラ / 素人 / 人妻・主婦 / 妊婦 / 単体作品
aka065,aka065,digital,videoa,おまんこ大図鑑100人,2004-06-16 10:00:00,https://video.dmm.co.jp/av/content/?id=aka065,https://al.fanza.co.jp/?lurl=https%3A%2F%2Fvideo.dmm.co.jp%2Fav%2Fcontent%2F%3Fid%3Daka065&af_id=okd0405-990&ch=api,,,,独占配信 / インディーズ / OL / 職業色々 / 局部アップ
134cwm002,134cwm002,digital,videoa,海外旅行好き集団痴女にビキニで刺激されてみませんか？,2004-06-15 10:00:08,https://video.dmm.co.jp/av/content/?id=134cwm002,https://al.fanza.co.jp/?lurl=https%3A%2F%2Fvideo.dmm.co.jp%2Fav%2Fcontent%2F%3Fid%3D134cwm002&af_id=okd0405-990&ch=api,,,,痴女 / 水着 / レズビアン / 3P・4P / 逆ナン
78god163,78god163,digital,videoa,強●レ●プマニアックス,2004-06-15 10:00:06,https://video.dmm.co.jp/av/content/?id=78god163,https://al.fanza.co.jp/?lurl=https%3A%2F%2Fvideo.dmm.co.jp%2Fav%2Fcontent%2F%3Fid%3D78god163&af_id=okd0405-990&ch=api,,,,女子校生 / 人妻・主婦 / 巨乳
53ka1830,53ka1830,digital,videoa,Pinkのきらめき 篠田えみり,2004-06-15 10:00:05,https://video.dmm.co.jp/av/content/?id=53ka1830,https://al.fanza.co.jp/?lurl=https%3A%2F%2Fvideo.dmm.co.jp%2Fav%2Fcontent%2F%3Fid%3D53ka1830&af_id=okd0405-990&ch=api,,,,アイドル・芸能人 / 巨乳 / 学生服 / デビュー作品 / 単体作品
61is70,61is70,digital,videoa,むっちんプリン 北原志穂,2004-06-15 10:00:04,https://video.dmm.co.jp/av/content/?id=61is70,https://al.fanza.co.jp/?lurl=https%3A%2F%2Fvideo.dmm.co.jp%2Fav%2Fcontent%2F%3Fid%3D61is70&af_id=okd0405-990&ch=api,,,,単体作品 / 3P・4P / ドキュメンタリー / 巨乳 / 美少女
85mor007,85mor007,digital,videoa,裏風俗潜入DC・素人援交,2004-06-15 10:00:03,https://video.dmm.co.jp/av/content/?id=85mor007,https://al.fanza.co.jp/?lurl=https%3A%2F%2Fvideo.dmm.co.jp%2Fav%2Fcontent%2F%3Fid%3D85mor007&af_id=okd0405-990&ch=api,,,,素人 / ドキュメンタリー / 盗撮・のぞき / 企画 / キャバ嬢・風俗嬢
pkc050,pkc050,digital,videoa,セクハラ顔射 vol.1,2004-06-15 10:00:02,https://video.dmm.co.jp/av/content/?id=pkc050,https://al.fanza.co.jp/?lurl=https%3A%2F%2Fvideo.dmm.co.jp%2Fav%2Fcontent%2F%3Fid%3Dpkc050&af_id=okd0405-990&ch=api,,,,素人 / 顔射
49mvs56,49mvs56,digital,videoa,投稿ナニワのおとんと三人の愛奴,2004-06-15 10:00:02,https://video.dmm.co.jp/av/content/?id=49mvs56,https://al.fanza.co.jp/?lurl=https%3A%2F%2Fvideo.dmm.co.jp%2Fav%2Fcontent%2F%3Fid%3D49mvs56&af_id=okd0405-990&ch=api,,,,投稿 / 素人 / 人妻・主婦 / 熟女
mde194,mde194,digital,videoa,ドリームウーマン DREAM WOMAN VOL.26 ゆりあ,2004-06-15 10:00:01,https://video.dmm.co.jp/av/content/?id=mde194,https://al.fanza.co.jp/?lurl=https%3A%2F%2Fvideo.dmm.co.jp%2Fav%2Fcontent%2F%3Fid%3Dmde194&af_id=okd0405-990&ch=api,,,,デジモ / ぶっかけ / ごっくん / 痴女 / コスプレ / 独占配信 / 単体作品
52fe568,52fe568,digital,videoa,Room ＃ Number,2004-06-15 10:00:01,https://video.dmm.co.jp/av/content/?id=52fe568,https://al.fanza.co.jp/?lurl=https%3A%2F%2Fvideo.dmm.co.jp%2Fav%2Fcontent%2F%3Fid%3D52fe568&af_id=okd0405-990&ch=api,,,,スチュワーデス / フェラ / ハメ撮り
rdb035,rdb035,digital,videoa,レッド突撃隊ベストセレクション Vol.35,2004-06-15 10:00:00,https://video.dmm.co.jp/av/content/?id=rdb035,https://al.fanza.co.jp/?lurl=https%3A%2F%2Fvideo.dmm.co.jp%2Fav%2Fcontent%2F%3Fid%3Drdb035&af_id=okd0405-990&ch=api,,,,独占配信 / インディーズ / ベスト・総集編 / アナル / ナンパ / 女子校生 / 熟女
86cs1184,86cs1184,digital,videoa,真性痴女・牝トカゲ寸止め地獄,2004-06-14 10:00:04,https://video.dmm.co.jp/av/content/?id=86cs1184,https://al.fanza.co.jp/?lurl=https%3A%2F%2Fvideo.dmm.co.jp%2Fav%2Fcontent%2F%3Fid%3D86cs1184&af_id=okd0405-990&ch=api,,,,淫乱・ハード系 / 企画 / 痴女
41vq004,41vq004,digital,videoa,俺のナンパ旅,2004-06-14 10:00:03,https://video.dmm.co.jp/av/content/?id=41vq004,https://al.fanza.co.jp/?lurl=https%3A%2F%2Fvideo.dmm.co.jp%2Fav%2Fcontent%2F%3Fid%3D41vq004&af_id=okd0405-990&ch=api,,,,素人 / 企画 / ナンパ
104frtd02,104frtd02,digital,videoa,18人のシーメールレズビアン Vol.2,2004-06-14 10:00:03,https://video.dmm.co.jp/av/content/?id=104frtd02,https://al.fanza.co.jp/?lurl=https%3A%2F%2Fvideo.dmm.co.jp%2Fav%2Fcontent%2F%3Fid%3D104frtd02&af_id=okd0405-990&ch=api,,,,パイズリ / ローター / フェラ / ニューハーフ
53ka1887,53ka1887,digital,videoa,18carat（エイティーンカラット） 上村まひろ,2004-06-14 10:00:02,https://video.dmm.co.jp/av/content/?id=53ka1887,https://al.fanza.co.jp/?lurl=https%3A%2F%2Fvideo.dmm.co.jp%2Fav%2Fcontent%2F%3Fid%3D53ka1887&af_id=okd0405-990&ch=api,,,,アイドル・芸能人 / 潮吹き / 縛り・緊縛 / デビュー作品 / 単体作品
mde193,mde193,digital,videoa,美脚BEST,2004-06-14 10:00:01,https://video.dmm.co.jp/av/content/?id=mde193,https://al.fanza.co.jp/?lurl=https%3A%2F%2Fvideo.dmm.co.jp%2Fav%2Fcontent%2F%3Fid%3Dmde193&af_id=okd0405-990&ch=api,,,,ベスト・総集編 / 脚フェチ / 縛り・緊縛 / ランジェリー / 独占配信
56sea234,56sea234,digital,videoa,新妻の憂鬱 牝と呼ばないで… 園部りか,2004-06-14 10:00:01,https://video.dmm.co.jp/av/content/?id=56sea234,https://al.fanza.co.jp/?lurl=https%3A%2F%2Fvideo.dmm.co.jp%2Fav%2Fcontent%2F%3Fid%3D56sea234&af_id=okd0405-990&ch=api,,,,単体作品 / 顔射 / パイズリ / 巨乳 / 人妻・主婦
ryg004,ryg004,digital,videoa,いもうと4 なつみちゃん,2004-06-14 10:00:00,https://video.dmm.co.jp/av/content/?id=ryg004,https://al.fanza.co.jp/?lurl=https%3A%2F%2Fvideo.dmm.co.jp%2Fav%2Fcontent%2F%3Fid%3Dryg004&af_id=okd0405-990&ch=api,,,,近親相姦 / ミニ系
nsi003,nsi003,digital,videoa,廃盤流出 3,2004-06-14 10:00:00,https://video.dmm.co.jp/av/content/?id=nsi003,https://al.fanza.co.jp/?lurl=https%3A%2F%2Fvideo.dmm.co.jp%2Fav%2Fcontent%2F%3Fid%3Dnsi003&af_id=okd0405-990&ch=api,,,,インディーズ / 3P・4P / 乱交 / ランジェリー
hmc001,hmc001,digital,videoa,美 少年ハルキ,2004-06-14 10:00:00,https://video.dmm.co.jp/av/content/?id=hmc001,https://al.fanza.co.jp/?lurl=https%3A%2F%2Fvideo.dmm.co.jp%2Fav%2Fcontent%2F%3Fid%3Dhmc001&af_id=okd0405-990&ch=api,,,,ゲイ
78vip185,78vip185,digital,videoa,夏色 すばる,2004-06-13 10:00:09,https://video.dmm.co.jp/av/content/?id=78vip185,https://al.fanza.co.jp/?lurl=https%3A%2F%2Fvideo.dmm.co.jp%2Fav%2Fcontent%2F%3Fid%3D78vip185&af_id=okd0405-990&ch=api,,,,オナニー / バイブ / コスプレ / 単体作品 / 乱交 / 巨乳
61mds166,61mds166,digital,videoa,愛～メデステ～るー★みっく 蒼来るみ,2004-06-13 10:00:08,https://video.dmm.co.jp/av/content/?id=61mds166,https://al.fanza.co.jp/?lurl=https%3A%2F%2Fvideo.dmm.co.jp%2Fav%2Fcontent%2F%3Fid%3D61mds166&af_id=okd0405-990&ch=api,,,,顔射 / デビュー作品 / 美少女 / 学生服 / 貧乳・微乳 / 単体作品
138sfrd032,138sfrd032,digital,videoa,見せるガーターベルトの興奮,2004-06-13 10:00:07,https://video.dmm.co.jp/av/content/?id=138sfrd032,https://al.fanza.co.jp/?lurl=https%3A%2F%2Fvideo.dmm.co.jp%2Fav%2Fcontent%2F%3Fid%3D138sfrd032&af_id=okd0405-990&ch=api,,,,ランジェリー / フェラ / その他フェチ / 脚フェチ / 巨乳
83mad056,83mad056,digital,videoa,感度良好 涼風杏菜,2004-06-13 10:00:06,https://video.dmm.co.jp/av/content/?id=83mad056,https://al.fanza.co.jp/?lurl=https%3A%2F%2Fvideo.dmm.co.jp%2Fav%2Fcontent%2F%3Fid%3D83mad056&af_id=okd0405-990&ch=api,,,,ぶっかけ / 巨乳 / コスプレ / アナル / 3P・4P / 単体作品
49mvd62,49mvd62,digital,videoa,女子校生つら汚し 9,2004-06-13 10:00:06,https://video.dmm.co.jp/av/content/?id=49mvd62,https://al.fanza.co.jp/?lurl=https%3A%2F%2Fvideo.dmm.co.jp%2Fav%2Fcontent%2F%3Fid%3D49mvd62&af_id=okd0405-990&ch=api,,,,女子校生
53ka1906,53ka1906,digital,videoa,ファックモード 観月里美,2004-06-13 10:00:05,https://video.dmm.co.jp/av/content/?id=53ka1906,https://al.fanza.co.jp/?lurl=https%3A%2F%2Fvideo.dmm.co.jp%2Fav%2Fcontent%2F%3Fid%3D53ka1906&af_id=okd0405-990&ch=api,,,,アイドル・芸能人 / 淫乱・ハード系 / デビュー作品 / 単体作品
44s03013,44s03013,digital,videoa,「30代」乱れ狂った人妻たち,2004-06-13 10:00:04,https://video.dmm.co.jp/av/content/?id=44s03013,https://al.fanza.co.jp/?lurl=https%3A%2F%2Fvideo.dmm.co.jp%2Fav%2Fcontent%2F%3Fid%3D44s03013&af_id=okd0405-990&ch=api,,,,投稿 / ドキュメンタリー / パンスト・タイツ / 熟女 / 人妻・主婦
61it84,61it84,digital,videoa,21世紀のリセエンヌ 岡田りな,2004-06-13 10:00:03,https://video.dmm.co.jp/av/content/?id=61it84,https://al.fanza.co.jp/?lurl=https%3A%2F%2Fvideo.dmm.co.jp%2Fav%2Fcontent%2F%3Fid%3D61it84&af_id=okd0405-990&ch=api,,,,ぶっかけ / 単体作品 / 女子校生
mdv008,mdv008,digital,videoa,緊急救命痴女病棟[個人診察編],2004-06-13 10:00:02,https://video.dmm.co.jp/av/content/?id=mdv008,https://al.fanza.co.jp/?lurl=https%3A%2F%2Fvideo.dmm.co.jp%2Fav%2Fcontent%2F%3Fid%3Dmdv008&af_id=okd0405-990&ch=api,,,,痴女 / 看護婦・ナース / 女医 / フェラ / 独占配信
62ma221,62ma221,digital,videoa,人気風俗お姉さんのプライベート,2004-06-13 10:00:02,https://video.dmm.co.jp/av/content/?id=62ma221,https://al.fanza.co.jp/?lurl=https%3A%2F%2Fvideo.dmm.co.jp%2Fav%2Fcontent%2F%3Fid%3D62ma221&af_id=okd0405-990&ch=api,,,,キャバ嬢・風俗嬢 / 巨乳 / チャイナドレス / フェラ / パイズリ / 単体作品
pkc047,pkc047,digital,videoa,ザ・処女喪失8～みゆき18歳,2004-06-13 10:00:01,https://video.dmm.co.jp/av/content/?id=pkc047,https://al.fanza.co.jp/?lurl=https%3A%2F%2Fvideo.dmm.co.jp%2Fav%2Fcontent%2F%3Fid%3Dpkc047&af_id=okd0405-990&ch=api,,,,巨乳 / フェラ
41vmc015,41vmc015,digital,videoa,新人看護婦の肉欲カルテ,2004-06-13 10:00:01,https://video.dmm.co.jp/av/content/?id=41vmc015,https://al.fanza.co.jp/?lurl=https%3A%2F%2Fvideo.dmm.co.jp%2Fav%2Fcontent%2F%3Fid%3D41vmc015&af_id=okd0405-990&ch=api,,,,単体作品 / コスプレ / オナニー / 看護婦・ナース
nky003,nky003,digital,videoa,超乱交生ドキュメント 人妻編 120分,2004-06-13 10:00:00,https://video.dmm.co.jp/av/content/?id=nky003,https://al.fanza.co.jp/?lurl=https%3A%2F%2Fvideo.dmm.co.jp%2Fav%2Fcontent%2F%3Fid%3Dnky003&af_id=okd0405-990&ch=api,,,,インディーズ / 企画 / 人妻・主婦 / 乱交
jgc005,jgc005,digital,videoa,群がる女 チアガール編,2004-06-13 10:00:00,https://video.dmm.co.jp/av/content/?id=jgc005,https://al.fanza.co.jp/?lurl=https%3A%2F%2Fvideo.dmm.co.jp%2Fav%2Fcontent%2F%3Fid%3Djgc005&af_id=okd0405-990&ch=api,,,,おもちゃ / パイズリ / 乱交 / ミニスカ
55id11028,55id11028,digital,videoa,女子校生 痴●バス 今宿まこと,2004-06-12 10:00:11,https://video.dmm.co.jp/av/content/?id=55id11028,https://al.fanza.co.jp/?lurl=https%3A%2F%2Fvideo.dmm.co.jp%2Fav%2Fcontent%2F%3Fid%3D55id11028&af_id=okd0405-990&ch=api,,,,単体作品 / セーラー服 / 3P・4P / 女子校生
84mild101,84mild101,digital,videoa,もしも紋舞らんが僕の彼女だったら…,2004-06-12 10:00:09,https://video.dmm.co.jp/av/content/?id=84mild101,https://al.fanza.co.jp/?lurl=https%3A%2F%2Fvideo.dmm.co.jp%2Fav%2Fcontent%2F%3Fid%3D84mild101&af_id=okd0405-990&ch=api,,,,ミニ系 / 巨乳 / 裸エプロン / 単体作品
51cs317,51cs317,digital,videoa,幼妻縄不倫 奥さまは19才 岡野美憂,2004-06-12 10:00:07,https://video.dmm.co.jp/av/content/?id=51cs317,https://al.fanza.co.jp/?lurl=https%3A%2F%2Fvideo.dmm.co.jp%2Fav%2Fcontent%2F%3Fid%3D51cs317&af_id=okd0405-990&ch=api,,,,若妻・幼妻 / 人妻・主婦 / SM / 縛り・緊縛 / 単体作品
an145,an145,digital,videoa,Angel,2004-06-12 10:00:06,https://video.dmm.co.jp/av/content/?id=an145,https://al.fanza.co.jp/?lurl=https%3A%2F%2Fvideo.dmm.co.jp%2Fav%2Fcontent%2F%3Fid%3Dan145&af_id=okd0405-990&ch=api,,,,コスプレ / フェラ / 独占配信 / 単体作品
49mmc84,49mmc84,digital,videoa,初脱ぎ熟女 17,2004-06-12 10:00:06,https://video.dmm.co.jp/av/content/?id=49mmc84,https://al.fanza.co.jp/?lurl=https%3A%2F%2Fvideo.dmm.co.jp%2Fav%2Fcontent%2F%3Fid%3D49mmc84&af_id=okd0405-990&ch=api,,,,淫乱・ハード系 / 人妻・主婦 / 熟女
52rfedv062,52rfedv062,digital,videoa,SAKURA 河井さくら,2004-06-12 10:00:05,https://video.dmm.co.jp/av/content/?id=52rfedv062,https://al.fanza.co.jp/?lurl=https%3A%2F%2Fvideo.dmm.co.jp%2Fav%2Fcontent%2F%3Fid%3D52rfedv062&af_id=okd0405-990&ch=api,,,,ミニ系 / 貧乳・微乳 / 潮吹き / デビュー作品 / 単体作品
104votd04,104votd04,digital,videoa,バーチャ・タイム［若妻］春日みゆき,2004-06-12 10:00:05,https://video.dmm.co.jp/av/content/?id=104votd04,https://al.fanza.co.jp/?lurl=https%3A%2F%2Fvideo.dmm.co.jp%2Fav%2Fcontent%2F%3Fid%3D104votd04&af_id=okd0405-990&ch=api,,,,オナニー / 脚フェチ / ランジェリー / 単体作品
mde191,mde191,digital,videoa,デジタルモザイク Vol.031 坂下麻衣,2004-06-12 10:00:04,https://video.dmm.co.jp/av/content/?id=mde191,https://al.fanza.co.jp/?lurl=https%3A%2F%2Fvideo.dmm.co.jp%2Fav%2Fcontent%2F%3Fid%3Dmde191&af_id=okd0405-990&ch=api,,,,美少女 / デジモ / セーラー服 / 手コキ / 独占配信 / 単体作品
125um123,125um123,digital,videoa,騎りまくり22人,2004-06-12 10:00:04,https://video.dmm.co.jp/av/content/?id=125um123,https://al.fanza.co.jp/?lurl=https%3A%2F%2Fvideo.dmm.co.jp%2Fav%2Fcontent%2F%3Fid%3D125um123&af_id=okd0405-990&ch=api,,,,騎乗位 / その他フェチ / 痴女
85mor010,85mor010,digital,videoa,ダブルM輪● 朝河蘭/マリア,2004-06-12 10:00:03,https://video.dmm.co.jp/av/content/?id=85mor010,https://al.fanza.co.jp/?lurl=https%3A%2F%2Fvideo.dmm.co.jp%2Fav%2Fcontent%2F%3Fid%3D85mor010&af_id=okd0405-990&ch=api,,,,淫乱・ハード系
41vtf010,41vtf010,digital,videoa,官能姫 星野くるみ,2004-06-12 10:00:03,https://video.dmm.co.jp/av/content/?id=41vtf010,https://al.fanza.co.jp/?lurl=https%3A%2F%2Fvideo.dmm.co.jp%2Fav%2Fcontent%2F%3Fid%3D41vtf010&af_id=okd0405-990&ch=api,,,,単体作品 / 3P・4P / オナニー
mdl132,mdl132,digital,videoa,イカセ4本番 絶頂オマンコトランス 鈴木麻奈美,2004-06-12 10:00:02,https://video.dmm.co.jp/av/content/?id=mdl132,https://al.fanza.co.jp/?lurl=https%3A%2F%2Fvideo.dmm.co.jp%2Fav%2Fcontent%2F%3Fid%3Dmdl132&af_id=okd0405-990&ch=api,,,,手コキ / 顔射 / 縛り・緊縛 / 独占配信 / 単体作品
61ia53,61ia53,digital,videoa,吹かされた私 潮まみれのデルタ 風間はるか,2004-06-12 10:00:02,https://video.dmm.co.jp/av/content/?id=61ia53,https://al.fanza.co.jp/?lurl=https%3A%2F%2Fvideo.dmm.co.jp%2Fav%2Fcontent%2F%3Fid%3D61ia53&af_id=okd0405-990&ch=api,,,,単体作品 / コスプレ / 3P・4P / 潮吹き
53ka1909,53ka1909,digital,videoa,純情ミルク 藤原あや,2004-06-12 10:00:01,https://video.dmm.co.jp/av/content/?id=53ka1909,https://al.fanza.co.jp/?lurl=https%3A%2F%2Fvideo.dmm.co.jp%2Fav%2Fcontent%2F%3Fid%3D53ka1909&af_id=okd0405-990&ch=api,,,,アイドル・芸能人 / 美少女 / 巨乳 / デビュー作品 / 単体作品
2dr008,2dr008,digital,videoa,「乳首のある風景」,2004-06-12 10:00:01,https://video.dmm.co.jp/av/content/?id=2dr008,https://al.fanza.co.jp/?lurl=https%3A%2F%2Fvideo.dmm.co.jp%2Fav%2Fcontent%2F%3Fid%3D2dr008&af_id=okd0405-990&ch=api,,,,パイズリ / コスプレ / 巨乳フェチ / 巨乳 / 痴女
rly005,rly005,digital,videoa,拉致監禁レ●プ 姉妹編（5）,2004-06-12 10:00:00,https://video.dmm.co.jp/av/content/?id=rly005,https://al.fanza.co.jp/?lurl=https%3A%2F%2Fvideo.dmm.co.jp%2Fav%2Fcontent%2F%3Fid%3Drly005&af_id=okd0405-990&ch=api,,,,3P・4P / 監禁
lh041,lh041,digital,videoa,フェラ フェラ大好き女総勢137人のフェラ！！,2004-06-12 10:00:00,https://video.dmm.co.jp/av/content/?id=lh041,https://al.fanza.co.jp/?lurl=https%3A%2F%2Fvideo.dmm.co.jp%2Fav%2Fcontent%2F%3Fid%3Dlh041&af_id=okd0405-990&ch=api,,,,インディーズ / ベスト・総集編 / ごっくん / 3P・4P
61rmd153,61rmd153,digital,videoa,不思議の国のありす 小倉ありす,2004-06-11 10:00:09,https://video.dmm.co.jp/av/content/?id=61rmd153,https://al.fanza.co.jp/?lurl=https%3A%2F%2Fvideo.dmm.co.jp%2Fav%2Fcontent%2F%3Fid%3D61rmd153&af_id=okd0405-990&ch=api,,,,ミニ系 / 美少女 / 単体作品 / コスプレ
86cs1131,86cs1131,digital,videoa,東京ランジェリーSEX,2004-06-11 10:00:08,https://video.dmm.co.jp/av/content/?id=86cs1131,https://al.fanza.co.jp/?lurl=https%3A%2F%2Fvideo.dmm.co.jp%2Fav%2Fcontent%2F%3Fid%3D86cs1131&af_id=okd0405-990&ch=api,,,,ランジェリー / その他フェチ / 企画
53kr9065,53kr9065,digital,videoa,逆ソープ天国 篠原真女,2004-06-11 10:00:07,https://video.dmm.co.jp/av/content/?id=53kr9065,https://al.fanza.co.jp/?lurl=https%3A%2F%2Fvideo.dmm.co.jp%2Fav%2Fcontent%2F%3Fid%3D53kr9065&af_id=okd0405-990&ch=api,,,,アイドル・芸能人 / 単体作品
140m105,140m105,digital,videoa,僕の子猫ちゃん My Pussy Cat 2～やっぱり猫が好き！！～［望月るあ］,2004-06-11 10:00:07,https://video.dmm.co.jp/av/content/?id=140m105,https://al.fanza.co.jp/?lurl=https%3A%2F%2Fvideo.dmm.co.jp%2Fav%2Fcontent%2F%3Fid%3D140m105&af_id=okd0405-990&ch=api,,,,オナニー / コスプレ / 巨乳 / 単体作品
51vs687,51vs687,digital,videoa,巨乳隷嬢 叶麗美,2004-06-11 10:00:06,https://video.dmm.co.jp/av/content/?id=51vs687,https://al.fanza.co.jp/?lurl=https%3A%2F%2Fvideo.dmm.co.jp%2Fav%2Fcontent%2F%3Fid%3D51vs687&af_id=okd0405-990&ch=api,,,,巨乳 / SM / 縛り・緊縛 / 単体作品
12ayv037,12ayv037,digital,videoa,制服巨乳にぶっかけろ［星川みなみ］,2004-06-11 10:00:06,https://video.dmm.co.jp/av/content/?id=12ayv037,https://al.fanza.co.jp/?lurl=https%3A%2F%2Fvideo.dmm.co.jp%2Fav%2Fcontent%2F%3Fid%3D12ayv037&af_id=okd0405-990&ch=api,,,,ぶっかけ / 単体作品 / セーラー服 / 巨乳 / 女子校生
mdl129,mdl129,digital,videoa,COCOLO 超アップの世界DX,2004-06-11 10:00:05,https://video.dmm.co.jp/av/content/?id=mdl129,https://al.fanza.co.jp/?lurl=https%3A%2F%2Fvideo.dmm.co.jp%2Fav%2Fcontent%2F%3Fid%3Dmdl129&af_id=okd0405-990&ch=api,,,,顔射 / デジモ / 脚フェチ / 尻フェチ / 独占配信 / 単体作品
49gr45,49gr45,digital,videoa,真.AV女優 小泉麻由,2004-06-11 10:00:05,https://video.dmm.co.jp/av/content/?id=49gr45,https://al.fanza.co.jp/?lurl=https%3A%2F%2Fvideo.dmm.co.jp%2Fav%2Fcontent%2F%3Fid%3D49gr45&af_id=okd0405-990&ch=api,,,,単体作品 / ドキュメンタリー / 巨乳
78god173,78god173,digital,videoa,おばさん,2004-06-11 10:00:04,https://video.dmm.co.jp/av/content/?id=78god173,https://al.fanza.co.jp/?lurl=https%3A%2F%2Fvideo.dmm.co.jp%2Fav%2Fcontent%2F%3Fid%3D78god173&af_id=okd0405-990&ch=api,,,,熟女 / 人妻・主婦 / 巨乳 / オナニー / 3P・4P
mdg012,mdg012,digital,videoa,レズキス ロマンスDX ～仲良し女子校生 秘密の経験～,2004-06-11 10:00:03,https://video.dmm.co.jp/av/content/?id=mdg012,https://al.fanza.co.jp/?lurl=https%3A%2F%2Fvideo.dmm.co.jp%2Fav%2Fcontent%2F%3Fid%3Dmdg012&af_id=okd0405-990&ch=api,,,,レズビアン / 女子校生 / セーラー服 / 水着 / 3P・4P / 独占配信
61tph019,61tph019,digital,videoa,巨乳秘書自慢,2004-06-11 10:00:03,https://video.dmm.co.jp/av/content/?id=61tph019,https://al.fanza.co.jp/?lurl=https%3A%2F%2Fvideo.dmm.co.jp%2Fav%2Fcontent%2F%3Fid%3D61tph019&af_id=okd0405-990&ch=api,,,,巨乳 / 秘書
83bor171,83bor171,digital,videoa,Hな義母は好きですか？3,2004-06-11 10:00:02,https://video.dmm.co.jp/av/content/?id=83bor171,https://al.fanza.co.jp/?lurl=https%3A%2F%2Fvideo.dmm.co.jp%2Fav%2Fcontent%2F%3Fid%3D83bor171&af_id=okd0405-990&ch=api,,,,近親相姦 / 人妻・主婦 / お母さん / 熟女
59het228,59het228,digital,videoa,素人モデル 初ヌード最高打,2004-06-11 10:00:02,https://video.dmm.co.jp/av/content/?id=59het228,https://al.fanza.co.jp/?lurl=https%3A%2F%2Fvideo.dmm.co.jp%2Fav%2Fcontent%2F%3Fid%3D59het228&af_id=okd0405-990&ch=api,,,,巨乳 / 水着 / 素人 / フェラ / 3P・4P
42sp564,42sp564,digital,videoa,パンティーズ・ア・ゴー！ゴー！,2004-06-11 10:00:01,https://video.dmm.co.jp/av/content/?id=42sp564,https://al.fanza.co.jp/?lurl=https%3A%2F%2Fvideo.dmm.co.jp%2Fav%2Fcontent%2F%3Fid%3D42sp564&af_id=okd0405-990&ch=api,,,,尻フェチ / その他フェチ / ランジェリー
41ltf004,41ltf004,digital,videoa,官能レッスン,2004-06-11 10:00:01,https://video.dmm.co.jp/av/content/?id=41ltf004,https://al.fanza.co.jp/?lurl=https%3A%2F%2Fvideo.dmm.co.jp%2Fav%2Fcontent%2F%3Fid%3D41ltf004&af_id=okd0405-990&ch=api,,,,単体作品 / アイドル・芸能人 / デビュー作品 / 巨乳
ykh004,ykh004,digital,videoa,●物催●極悪レ●プ 4,2004-06-11 10:00:00,https://video.dmm.co.jp/av/content/?id=ykh004,https://al.fanza.co.jp/?lurl=https%3A%2F%2Fvideo.dmm.co.jp%2Fav%2Fcontent%2F%3Fid%3Dykh004&af_id=okd0405-990&ch=api,,,,インディーズ / 3P・4P / ドラッグ / パンスト・タイツ
mbu002,mbu002,digital,videoa,爆乳娘 Fカップ レースクィーン 中嶋レイ,2004-06-11 10:00:00,https://video.dmm.co.jp/av/content/?id=mbu002,https://al.fanza.co.jp/?lurl=https%3A%2F%2Fvideo.dmm.co.jp%2Fav%2Fcontent%2F%3Fid%3Dmbu002&af_id=okd0405-990&ch=api,,,,レースクィーン / 巨乳フェチ / 巨乳
ioq001,ioq001,digital,videoa,コスプレ娘ハメ撮り大作戦 宇宙戦艦●マト 葉月朋恵,2004-06-11 10:00:00,https://video.dmm.co.jp/av/content/?id=ioq001,https://al.fanza.co.jp/?lurl=https%3A%2F%2Fvideo.dmm.co.jp%2Fav%2Fcontent%2F%3Fid%3Dioq001&af_id=okd0405-990&ch=api,,,,ハメ撮り / コスプレ / 単体作品
140m008,140m008,digital,videoa,絶対服従 FILE05 音咲絢,2004-06-11 09:59:59,https://video.dmm.co.jp/av/content/?id=140m008,https://al.fanza.co.jp/?lurl=https%3A%2F%2Fvideo.dmm.co.jp%2Fav%2Fcontent%2F%3Fid%3D140m008&af_id=okd0405-990&ch=api,,,,放尿・お漏らし / SM / 単体作品
140m087,140m087,digital,videoa,僕の子猫ちゃん My Pussy Cat～やっぱり猫が好き！！～［紺野沙織］,2004-06-11 09:59:50,https://video.dmm.co.jp/av/content/?id=140m087,https://al.fanza.co.jp/?lurl=https%3A%2F%2Fvideo.dmm.co.jp%2Fav%2Fcontent%2F%3Fid%3D140m087&af_id=okd0405-990&ch=api,,,,単体作品 / 巨乳 / コスプレ / オナニー
140c024,140c024,digital,videoa,密着生撮り 人妻不倫旅行 ＃006,2004-06-11 09:59:41,https://video.dmm.co.jp/av/content/?id=140c024,https://al.fanza.co.jp/?lurl=https%3A%2F%2Fvideo.dmm.co.jp%2Fav%2Fcontent%2F%3Fid%3D140c024&af_id=okd0405-990&ch=api,,,,フェラ / 企画 / 人妻・主婦 / 熟女
140c017,140c017,digital,videoa,密着生撮り 人妻不倫旅行 ＃005,2004-06-11 09:59:40,https://video.dmm.co.jp/av/content/?id=140c017,https://al.fanza.co.jp/?lurl=https%3A%2F%2Fvideo.dmm.co.jp%2Fav%2Fcontent%2F%3Fid%3D140c017&af_id=okd0405-990&ch=api,,,,フェラ / 企画 / 人妻・主婦 / 熟女
140c057,140c057,digital,videoa,街頭チャレンジ ロバートコーマンのエロエロENGLISH,2004-06-11 09:59:35,https://video.dmm.co.jp/av/content/?id=140c057,https://al.fanza.co.jp/?lurl=https%3A%2F%2Fvideo.dmm.co.jp%2Fav%2Fcontent%2F%3Fid%3D140c057&af_id=okd0405-990&ch=api,,,,企画 / 素人 / フェラ / オナニー / 顔射
140s049,140s049,digital,videoa,援交録5,2004-06-11 09:59:34,https://video.dmm.co.jp/av/content/?id=140s049,https://al.fanza.co.jp/?lurl=https%3A%2F%2Fvideo.dmm.co.jp%2Fav%2Fcontent%2F%3Fid%3D140s049&af_id=okd0405-990&ch=api,,,,素人 / ドキュメンタリー / 学生服 / 女子校生
138sfrd027,138sfrd027,digital,videoa,非日常の若奥さん,2004-06-10 10:00:04,https://video.dmm.co.jp/av/content/?id=138sfrd027,https://al.fanza.co.jp/?lurl=https%3A%2F%2Fvideo.dmm.co.jp%2Fav%2Fcontent%2F%3Fid%3D138sfrd027&af_id=okd0405-990&ch=api,,,,フェラ / パンスト・タイツ / 巨乳 / 人妻・主婦 / 若妻・幼妻
ssp006,ssp006,digital,videoa,淫獣奴●輪●,2004-06-10 10:00:03,https://video.dmm.co.jp/av/content/?id=ssp006,https://al.fanza.co.jp/?lurl=https%3A%2F%2Fvideo.dmm.co.jp%2Fav%2Fcontent%2F%3Fid%3Dssp006&af_id=okd0405-990&ch=api,,,,監禁 / 縛り・緊縛 / 3P・4P / 独占配信
41pjl011,41pjl011,digital,videoa,濡れた白肌,2004-06-10 10:00:03,https://video.dmm.co.jp/av/content/?id=41pjl011,https://al.fanza.co.jp/?lurl=https%3A%2F%2Fvideo.dmm.co.jp%2Fav%2Fcontent%2F%3Fid%3D41pjl011&af_id=okd0405-990&ch=api,,,,単体作品 / アイドル・芸能人 / 淫乱・ハード系
mde188,mde188,digital,videoa,最高のオナニーのために 21世紀オナニー 吉永ゆりあ,2004-06-10 10:00:02,https://video.dmm.co.jp/av/content/?id=mde188,https://al.fanza.co.jp/?lurl=https%3A%2F%2Fvideo.dmm.co.jp%2Fav%2Fcontent%2F%3Fid%3Dmde188&af_id=okd0405-990&ch=api,,,,巨乳 / パイズリ / 手コキ / コスプレ / デジモ / 独占配信 / 単体作品
62ma162,62ma162,digital,videoa,ミセス東京デート 2,2004-06-10 10:00:02,https://video.dmm.co.jp/av/content/?id=62ma162,https://al.fanza.co.jp/?lurl=https%3A%2F%2Fvideo.dmm.co.jp%2Fav%2Fcontent%2F%3Fid%3D62ma162&af_id=okd0405-990&ch=api,,,,熟女 / 人妻・主婦 / 巨乳 / 潮吹き
53ka1812,53ka1812,digital,videoa,FUCKがスパーク 村上みわ,2004-06-10 10:00:01,https://video.dmm.co.jp/av/content/?id=53ka1812,https://al.fanza.co.jp/?lurl=https%3A%2F%2Fvideo.dmm.co.jp%2Fav%2Fcontent%2F%3Fid%3D53ka1812&af_id=okd0405-990&ch=api,,,,アイドル・芸能人 / 美少女 / 単体作品
tt073,tt073,digital,videoa,マザーファック 梶原恭子,2004-06-10 10:00:00,https://video.dmm.co.jp/av/content/?id=tt073,https://al.fanza.co.jp/?lurl=https%3A%2F%2Fvideo.dmm.co.jp%2Fav%2Fcontent%2F%3Fid%3Dtt073&af_id=okd0405-990&ch=api,,,,顔射 / オナニー / バイブ / 妊婦 / 熟女 / 単体作品
mzp002,mzp002,digital,videoa,歳の差レズビアン 天野理穂（20）×花咲玲子（34）,2004-06-10 10:00:00,https://video.dmm.co.jp/av/content/?id=mzp002,https://al.fanza.co.jp/?lurl=https%3A%2F%2Fvideo.dmm.co.jp%2Fav%2Fcontent%2F%3Fid%3Dmzp002&af_id=okd0405-990&ch=api,,,,インディーズ / おもちゃ / ローター / バイブ / レズビアン / ギャル / 熟女
juk023,juk023,digital,videoa,男喰い熟女 ～女体生け花教室～,2004-06-10 10:00:00,https://video.dmm.co.jp/av/content/?id=juk023,https://al.fanza.co.jp/?lurl=https%3A%2F%2Fvideo.dmm.co.jp%2Fav%2Fcontent%2F%3Fid%3Djuk023&af_id=okd0405-990&ch=api,,,,熟女 / 痴女 / ランジェリー / 3P・4P / レズビアン / 独占配信
125um038,125um038,digital,videoa,The MANKAI 開脚いぢられ娘,2004-06-09 10:00:05,https://video.dmm.co.jp/av/content/?id=125um038,https://al.fanza.co.jp/?lurl=https%3A%2F%2Fvideo.dmm.co.jp%2Fav%2Fcontent%2F%3Fid%3D125um038&af_id=okd0405-990&ch=api,,,,3P・4P / 縛り・緊縛 / 潮吹き / アナル / レズビアン
44a03041,44a03041,digital,videoa,宅配ソープSPECIAL,2004-06-09 10:00:04,https://video.dmm.co.jp/av/content/?id=44a03041,https://al.fanza.co.jp/?lurl=https%3A%2F%2Fvideo.dmm.co.jp%2Fav%2Fcontent%2F%3Fid%3D44a03041&af_id=okd0405-990&ch=api,,,,巨乳 / ミニ系 / 企画
84bz87,84bz87,digital,videoa,コスプレ うさきょん プラス2,2004-06-09 10:00:03,https://video.dmm.co.jp/av/content/?id=84bz87,https://al.fanza.co.jp/?lurl=https%3A%2F%2Fvideo.dmm.co.jp%2Fav%2Fcontent%2F%3Fid%3D84bz87&af_id=okd0405-990&ch=api,,,,コスプレ / ミニ系 / 巨乳
104psd04,104psd04,digital,videoa,パンチラストーカー vol.4,2004-06-09 10:00:03,https://video.dmm.co.jp/av/content/?id=104psd04,https://al.fanza.co.jp/?lurl=https%3A%2F%2Fvideo.dmm.co.jp%2Fav%2Fcontent%2F%3Fid%3D104psd04&af_id=okd0405-990&ch=api,,,,盗撮・のぞき / パンチラ / その他フェチ / 企画 / ミニスカ
61bz41,61bz41,digital,videoa,ブチ抜きクライマックス スーパーモデル（級）の素人娘。,2004-06-09 10:00:02,https://video.dmm.co.jp/av/content/?id=61bz41,https://al.fanza.co.jp/?lurl=https%3A%2F%2Fvideo.dmm.co.jp%2Fav%2Fcontent%2F%3Fid%3D61bz41&af_id=okd0405-990&ch=api,,,,レースクィーン / モデル
187mdx059,187mdx059,digital,videoa,spe-les 君嶋もえ かわいゆい,2004-06-09 10:00:02,https://video.dmm.co.jp/av/content/?id=187mdx059,https://al.fanza.co.jp/?lurl=https%3A%2F%2Fvideo.dmm.co.jp%2Fav%2Fcontent%2F%3Fid%3D187mdx059&af_id=okd0405-990&ch=api,,,,レズビアン / ランジェリー / コスプレ / ぶっかけ / デジモ
53ka1925,53ka1925,digital,videoa,輪舞曲（ロンド）里美由梨香,2004-06-09 10:00:01,https://video.dmm.co.jp/av/content/?id=53ka1925,https://al.fanza.co.jp/?lurl=https%3A%2F%2Fvideo.dmm.co.jp%2Fav%2Fcontent%2F%3Fid%3D53ka1925&af_id=okd0405-990&ch=api,,,,アイドル・芸能人 / 巨乳 / レズビアン / ドキュメンタリー / 単体作品
42sp573,42sp573,digital,videoa,ブラックジーザス 栗と栗鼠スーパースター 水野礼子,2004-06-09 10:00:01,https://video.dmm.co.jp/av/content/?id=42sp573,https://al.fanza.co.jp/?lurl=https%3A%2F%2Fvideo.dmm.co.jp%2Fav%2Fcontent%2F%3Fid%3D42sp573&af_id=okd0405-990&ch=api,,,,看護婦・ナース / SM / 単体作品
t811,t811,digital,videoa,Darling 樹若菜,2004-06-09 10:00:00,https://video.dmm.co.jp/av/content/?id=t811,https://al.fanza.co.jp/?lurl=https%3A%2F%2Fvideo.dmm.co.jp%2Fav%2Fcontent%2F%3Fid%3Dt811&af_id=okd0405-990&ch=api,,,,顔射 / オナニー / フェラ / ミニ系
juk015,juk015,digital,videoa,特選ミセス 麗しの団地妻 6,2004-06-09 10:00:00,https://video.dmm.co.jp/av/content/?id=juk015,https://al.fanza.co.jp/?lurl=https%3A%2F%2Fvideo.dmm.co.jp%2Fav%2Fcontent%2F%3Fid%3Djuk015&af_id=okd0405-990&ch=api,,,,人妻・主婦 / スレンダー / 手コキ / ローター / 独占配信
86cs1170,86cs1170,digital,videoa,真性痴女・露出狂い女豹,2004-06-08 10:00:06,https://video.dmm.co.jp/av/content/?id=86cs1170,https://al.fanza.co.jp/?lurl=https%3A%2F%2Fvideo.dmm.co.jp%2Fav%2Fcontent%2F%3Fid%3D86cs1170&af_id=okd0405-990&ch=api,,,,淫乱・ハード系 / 野外・露出 / 企画 / 痴女
51vs460,51vs460,digital,videoa,AV隷嬢館 女校生SPECIAL,2004-06-08 10:00:05,https://video.dmm.co.jp/av/content/?id=51vs460,https://al.fanza.co.jp/?lurl=https%3A%2F%2Fvideo.dmm.co.jp%2Fav%2Fcontent%2F%3Fid%3D51vs460&af_id=okd0405-990&ch=api,,,,女子校生 / 学生服 / SM / 縛り・緊縛
49he63,49he63,digital,videoa,淫らなお姉さんは好きですか 2,2004-06-08 10:00:04,https://video.dmm.co.jp/av/content/?id=49he63,https://al.fanza.co.jp/?lurl=https%3A%2F%2Fvideo.dmm.co.jp%2Fav%2Fcontent%2F%3Fid%3D49he63&af_id=okd0405-990&ch=api,,,,淫乱・ハード系 / お姉さん
3fg013,3fg013,digital,videoa,女子校生レズ 149cmと150cm 星メグミ 瀬能あい,2004-06-08 10:00:03,https://video.dmm.co.jp/av/content/?id=3fg013,https://al.fanza.co.jp/?lurl=https%3A%2F%2Fvideo.dmm.co.jp%2Fav%2Fcontent%2F%3Fid%3D3fg013&af_id=okd0405-990&ch=api,,,,独占配信 / シックスナイン / レズビアン / 学生服 / 小柄 / 女子校生
pkc049,pkc049,digital,videoa,下着マニア 変態倶楽部2,2004-06-08 10:00:02,https://video.dmm.co.jp/av/content/?id=pkc049,https://al.fanza.co.jp/?lurl=https%3A%2F%2Fvideo.dmm.co.jp%2Fav%2Fcontent%2F%3Fid%3Dpkc049&af_id=okd0405-990&ch=api,,,,ランジェリー / その他フェチ
53ka1884,53ka1884,digital,videoa,パンスト天使 柏木綾,2004-06-08 10:00:02,https://video.dmm.co.jp/av/content/?id=53ka1884,https://al.fanza.co.jp/?lurl=https%3A%2F%2Fvideo.dmm.co.jp%2Fav%2Fcontent%2F%3Fid%3D53ka1884&af_id=okd0405-990&ch=api,,,,アイドル・芸能人 / パンスト・タイツ / 脚フェチ / 単体作品
mde192,mde192,digital,videoa,強●フェラ イラマチオBEST,2004-06-08 10:00:01,https://video.dmm.co.jp/av/content/?id=mde192,https://al.fanza.co.jp/?lurl=https%3A%2F%2Fvideo.dmm.co.jp%2Fav%2Fcontent%2F%3Fid%3Dmde192&af_id=okd0405-990&ch=api,,,,ベスト・総集編 / フェラ / 顔射 / ごっくん / 独占配信 / イラマチオ
61im67,61im67,digital,videoa,パステルラブ 森村りえ,2004-06-08 10:00:01,https://video.dmm.co.jp/av/content/?id=61im67,https://al.fanza.co.jp/?lurl=https%3A%2F%2Fvideo.dmm.co.jp%2Fav%2Fcontent%2F%3Fid%3D61im67&af_id=okd0405-990&ch=api,,,,単体作品 / デビュー作品 / バイブ / 野外・露出 / セーラー服 / 美少女
ceh001,ceh001,digital,videoa,カードキャプターさ●ら ハッ●ーレッスン 一文字む●き 杉本レナ,2004-06-08 10:00:00,https://video.dmm.co.jp/av/content/?id=ceh001,https://al.fanza.co.jp/?lurl=https%3A%2F%2Fvideo.dmm.co.jp%2Fav%2Fcontent%2F%3Fid%3Dceh001&af_id=okd0405-990&ch=api,,,,ごっくん / 顔射 / 手コキ / ローター / バイブ / コスプレ / 単体作品
aka064,aka064,digital,videoa,パーツマニア 2 ～35人の美尻～,2004-06-08 10:00:00,https://video.dmm.co.jp/av/content/?id=aka064,https://al.fanza.co.jp/?lurl=https%3A%2F%2Fvideo.dmm.co.jp%2Fav%2Fcontent%2F%3Fid%3Daka064&af_id=okd0405-990&ch=api,,,,独占配信 / インディーズ / 尻フェチ / 女子校生 / OL
134lll011,134lll011,digital,videoa,BLUE SKY,2004-06-07 10:00:05,https://video.dmm.co.jp/av/content/?id=134lll011,https://al.fanza.co.jp/?lurl=https%3A%2F%2Fvideo.dmm.co.jp%2Fav%2Fcontent%2F%3Fid%3D134lll011&af_id=okd0405-990&ch=api,,,,単体作品 / イメージビデオ
41hjc023,41hjc023,digital,videoa,ハードコアに犯●れて 葵みのり,2004-06-07 10:00:04,https://video.dmm.co.jp/av/content/?id=41hjc023,https://al.fanza.co.jp/?lurl=https%3A%2F%2Fvideo.dmm.co.jp%2Fav%2Fcontent%2F%3Fid%3D41hjc023&af_id=okd0405-990&ch=api,,,,単体作品 / アイドル・芸能人 / 淫乱・ハード系
83ccx003,83ccx003,digital,videoa,マダムレポート3～スケベな人妻でごめんなさい～,2004-06-07 10:00:03,https://video.dmm.co.jp/av/content/?id=83ccx003,https://al.fanza.co.jp/?lurl=https%3A%2F%2Fvideo.dmm.co.jp%2Fav%2Fcontent%2F%3Fid%3D83ccx003&af_id=okd0405-990&ch=api,,,,熟女 / 淫乱・ハード系 / 縛り・緊縛
61mg53,61mg53,digital,videoa,チュパチュパ倶楽部 14,2004-06-07 10:00:03,https://video.dmm.co.jp/av/content/?id=61mg53,https://al.fanza.co.jp/?lurl=https%3A%2F%2Fvideo.dmm.co.jp%2Fav%2Fcontent%2F%3Fid%3D61mg53&af_id=okd0405-990&ch=api,,,,フェラ
edgd008,edgd008,digital,videoa,裏girls*4,2004-06-07 10:00:02,https://video.dmm.co.jp/av/content/?id=edgd008,https://al.fanza.co.jp/?lurl=https%3A%2F%2Fvideo.dmm.co.jp%2Fav%2Fcontent%2F%3Fid%3Dedgd008&af_id=okd0405-990&ch=api,,,,独占配信 / ごっくん / 拘束 / デジモ / 脚フェチ
53kr9053,53kr9053,digital,videoa,崩壊ヴァージン 有森いずみ,2004-06-07 10:00:02,https://video.dmm.co.jp/av/content/?id=53kr9053,https://al.fanza.co.jp/?lurl=https%3A%2F%2Fvideo.dmm.co.jp%2Fav%2Fcontent%2F%3Fid%3D53kr9053&af_id=okd0405-990&ch=api,,,,淫乱・ハード系 / アナル / 単体作品
52fe567,52fe567,digital,videoa,横浜発ライブチャット,2004-06-07 10:00:01,https://video.dmm.co.jp/av/content/?id=52fe567,https://al.fanza.co.jp/?lurl=https%3A%2F%2Fvideo.dmm.co.jp%2Fav%2Fcontent%2F%3Fid%3D52fe567&af_id=okd0405-990&ch=api,,,,素人 / オナニー / アイドル・芸能人
104olzd01,104olzd01,digital,videoa,素人12人のオナニーレッスン vol.001,2004-06-07 10:00:01,https://video.dmm.co.jp/av/content/?id=104olzd01,https://al.fanza.co.jp/?lurl=https%3A%2F%2Fvideo.dmm.co.jp%2Fav%2Fcontent%2F%3Fid%3D104olzd01&af_id=okd0405-990&ch=api,,,,オナニー / バイブ / アナル / 素人 / 人妻・主婦
xsw003,xsw003,digital,videoa,だっぷん娘。撮り下ろし（3）,2004-06-07 10:00:00,https://video.dmm.co.jp/av/content/?id=xsw003,https://al.fanza.co.jp/?lurl=https%3A%2F%2Fvideo.dmm.co.jp%2Fav%2Fcontent%2F%3Fid%3Dxsw003&af_id=okd0405-990&ch=api,,,,脱糞 / スカトロ / 浣腸 / ミニスカ / ギャル
rdb028,rdb028,digital,videoa,レッド突撃隊ベストセレクション Vol.28,2004-06-07 10:00:00,https://video.dmm.co.jp/av/content/?id=rdb028,https://al.fanza.co.jp/?lurl=https%3A%2F%2Fvideo.dmm.co.jp%2Fav%2Fcontent%2F%3Fid%3Drdb028&af_id=okd0405-990&ch=api,,,,熟女 / その他フェチ / 素人 / 淫語 / インディーズ / 独占配信
125um121,125um121,digital,videoa,コスプレ1年生 伊東ちかほ,2004-06-06 10:00:09,https://video.dmm.co.jp/av/content/?id=125um121,https://al.fanza.co.jp/?lurl=https%3A%2F%2Fvideo.dmm.co.jp%2Fav%2Fcontent%2F%3Fid%3D125um121&af_id=okd0405-990&ch=api,,,,単体作品 / 水着 / コスプレ / 裸エプロン / チャイナドレス / 女子校生
78god164,78god164,digital,videoa,3年B組 金髪先生,2004-06-06 10:00:08,https://video.dmm.co.jp/av/content/?id=78god164,https://al.fanza.co.jp/?lurl=https%3A%2F%2Fvideo.dmm.co.jp%2Fav%2Fcontent%2F%3Fid%3D78god164&af_id=okd0405-990&ch=api,,,,女教師 / 白人女優 / フェラ
55id11029,55id11029,digital,videoa,高級ソープ 星野くるみ,2004-06-06 10:00:07,https://video.dmm.co.jp/av/content/?id=55id11029,https://al.fanza.co.jp/?lurl=https%3A%2F%2Fvideo.dmm.co.jp%2Fav%2Fcontent%2F%3Fid%3D55id11029&af_id=okd0405-990&ch=api,,,,単体作品 / キャバ嬢・風俗嬢 / 企画 / その他フェチ / フェラ
61mds147,61mds147,digital,videoa,序章～プロローグ～ 立河みゆ,2004-06-06 10:00:06,https://video.dmm.co.jp/av/content/?id=61mds147,https://al.fanza.co.jp/?lurl=https%3A%2F%2Fvideo.dmm.co.jp%2Fav%2Fcontent%2F%3Fid%3D61mds147&af_id=okd0405-990&ch=api,,,,美少女 / バイブ / デビュー作品 / 単体作品
3va002,3va002,digital,videoa,もしも朝河蘭が僕の愛人だったら？,2004-06-06 10:00:06,https://video.dmm.co.jp/av/content/?id=3va002,https://al.fanza.co.jp/?lurl=https%3A%2F%2Fvideo.dmm.co.jp%2Fav%2Fcontent%2F%3Fid%3D3va002&af_id=okd0405-990&ch=api,,,,独占配信 / 単体作品 / パイズリ / 痴女 / OL / 女子大生
83mad043,83mad043,digital,videoa,高級ロリソープ 愛葉るび,2004-06-06 10:00:05,https://video.dmm.co.jp/av/content/?id=83mad043,https://al.fanza.co.jp/?lurl=https%3A%2F%2Fvideo.dmm.co.jp%2Fav%2Fcontent%2F%3Fid%3D83mad043&af_id=okd0405-990&ch=api,,,,コスプレ / パイズリ / ミニ系 / キャバ嬢・風俗嬢
62ar015,62ar015,digital,videoa,熟女 E・ros 2,2004-06-06 10:00:05,https://video.dmm.co.jp/av/content/?id=62ar015,https://al.fanza.co.jp/?lurl=https%3A%2F%2Fvideo.dmm.co.jp%2Fav%2Fcontent%2F%3Fid%3D62ar015&af_id=okd0405-990&ch=api,,,,熟女 / 人妻・主婦 / ドキュメンタリー / フェラ
mde189,mde189,digital,videoa,Sex On The Beach 5 南波杏,2004-06-06 10:00:04,https://video.dmm.co.jp/av/content/?id=mde189,https://al.fanza.co.jp/?lurl=https%3A%2F%2Fvideo.dmm.co.jp%2Fav%2Fcontent%2F%3Fid%3Dmde189&af_id=okd0405-990&ch=api,,,,水着 / 野外・露出 / 3P・4P / 潮吹き / 独占配信 / 単体作品
86cs1160,86cs1160,digital,videoa,隣のお姉さんのランジェリー姿に辛抱たまらん,2004-06-06 10:00:04,https://video.dmm.co.jp/av/content/?id=86cs1160,https://al.fanza.co.jp/?lurl=https%3A%2F%2Fvideo.dmm.co.jp%2Fav%2Fcontent%2F%3Fid%3D86cs1160&af_id=okd0405-990&ch=api,,,,ランジェリー / その他フェチ / お姉さん
85mor001,85mor001,digital,videoa,純愛女子校生 堤さやか/倉敷れい,2004-06-06 10:00:03,https://video.dmm.co.jp/av/content/?id=85mor001,https://al.fanza.co.jp/?lurl=https%3A%2F%2Fvideo.dmm.co.jp%2Fav%2Fcontent%2F%3Fid%3D85mor001&af_id=okd0405-990&ch=api,,,,競泳・スクール水着 / 学生服 / 体操着・ブルマ / 女子校生
41vdo009,41vdo009,digital,videoa,GO！GO！関西オ○○コ祭り！！,2004-06-06 10:00:03,https://video.dmm.co.jp/av/content/?id=41vdo009,https://al.fanza.co.jp/?lurl=https%3A%2F%2Fvideo.dmm.co.jp%2Fav%2Fcontent%2F%3Fid%3D41vdo009&af_id=okd0405-990&ch=api,,,,ナンパ / 企画
mdg013,mdg013,digital,videoa,Wアナル◆ファンタジー,2004-06-06 10:00:02,https://video.dmm.co.jp/av/content/?id=mdg013,https://al.fanza.co.jp/?lurl=https%3A%2F%2Fvideo.dmm.co.jp%2Fav%2Fcontent%2F%3Fid%3Dmdg013&af_id=okd0405-990&ch=api,,,,アナル / 異物挿入 / ぶっかけ / 尻フェチ / 独占配信
53ka1919,53ka1919,digital,videoa,ポケットいっぱいの純情 藤崎涼,2004-06-06 10:00:02,https://video.dmm.co.jp/av/content/?id=53ka1919,https://al.fanza.co.jp/?lurl=https%3A%2F%2Fvideo.dmm.co.jp%2Fav%2Fcontent%2F%3Fid%3D53ka1919&af_id=okd0405-990&ch=api,,,,アイドル・芸能人 / ドキュメンタリー / 淫乱・ハード系 / デビュー作品 / 単体作品
42sp558,42sp558,digital,videoa,癒し系痴女手コキ搾り,2004-06-06 10:00:01,https://video.dmm.co.jp/av/content/?id=42sp558,https://al.fanza.co.jp/?lurl=https%3A%2F%2Fvideo.dmm.co.jp%2Fav%2Fcontent%2F%3Fid%3D42sp558&af_id=okd0405-990&ch=api,,,,フェラ / 痴女 / 3P・4P / シックスナイン
oih004,oih004,digital,videoa,白黒夫婦VS相川家の奥様,2004-06-06 10:00:00,https://video.dmm.co.jp/av/content/?id=oih004,https://al.fanza.co.jp/?lurl=https%3A%2F%2Fvideo.dmm.co.jp%2Fav%2Fcontent%2F%3Fid%3Doih004&af_id=okd0405-990&ch=api,,,,乱交 / 人妻・主婦 / 熟女
lh036,lh036,digital,videoa,オナニー 発情中の女64人のオナニー！,2004-06-06 10:00:00,https://video.dmm.co.jp/av/content/?id=lh036,https://al.fanza.co.jp/?lurl=https%3A%2F%2Fvideo.dmm.co.jp%2Fav%2Fcontent%2F%3Fid%3Dlh036&af_id=okd0405-990&ch=api,,,,インディーズ / ベスト・総集編 / 看護婦・ナース / 職業色々
dfa001,dfa001,digital,videoa,マラソンGAL 永久保存版 爽やか美少女の生本番 いずみちゃん 18歳,2004-06-06 10:00:00,https://video.dmm.co.jp/av/content/?id=dfa001,https://al.fanza.co.jp/?lurl=https%3A%2F%2Fvideo.dmm.co.jp%2Fav%2Fcontent%2F%3Fid%3Ddfa001&af_id=okd0405-990&ch=api,,,,ギャル / レオタード / 単体作品
61mds164,61mds164,digital,videoa,堕天使X 安来めぐ,2004-06-05 10:00:10,https://video.dmm.co.jp/av/content/?id=61mds164,https://al.fanza.co.jp/?lurl=https%3A%2F%2Fvideo.dmm.co.jp%2Fav%2Fcontent%2F%3Fid%3D61mds164&af_id=okd0405-990&ch=api,,,,3P・4P / 淫乱・ハード系 / 単体作品
84mild109,84mild109,digital,videoa,兄貴の嫁さん 及川奈央,2004-06-05 10:00:09,https://video.dmm.co.jp/av/content/?id=84mild109,https://al.fanza.co.jp/?lurl=https%3A%2F%2Fvideo.dmm.co.jp%2Fav%2Fcontent%2F%3Fid%3D84mild109&af_id=okd0405-990&ch=api,,,,人妻・主婦 / 縛り・緊縛 / 3P・4P / 近親相姦 / 単体作品
125um119,125um119,digital,videoa,REAL SEX REC.5,2004-06-05 10:00:08,https://video.dmm.co.jp/av/content/?id=125um119,https://al.fanza.co.jp/?lurl=https%3A%2F%2Fvideo.dmm.co.jp%2Fav%2Fcontent%2F%3Fid%3D125um119&af_id=okd0405-990&ch=api,,,,ハメ撮り / フェラ / ドキュメンタリー
83mad035,83mad035,digital,videoa,完全服従メイド 長谷川ゆい,2004-06-05 10:00:07,https://video.dmm.co.jp/av/content/?id=83mad035,https://al.fanza.co.jp/?lurl=https%3A%2F%2Fvideo.dmm.co.jp%2Fav%2Fcontent%2F%3Fid%3D83mad035&af_id=okd0405-990&ch=api,,,,メイド / SM / 放尿・お漏らし / オナニー / 単体作品
59het205,59het205,digital,videoa,妹が校長先生にイタズラされて、僕も…。 愛葉るび,2004-06-05 10:00:07,https://video.dmm.co.jp/av/content/?id=59het205,https://al.fanza.co.jp/?lurl=https%3A%2F%2Fvideo.dmm.co.jp%2Fav%2Fcontent%2F%3Fid%3D59het205&af_id=okd0405-990&ch=api,,,,単体作品 / セーラー服 / フェラ / ミニ系 / イタズラ / 近親相姦 / コスプレ
utj002,utj002,digital,videoa,妹の夏休み 木原りんご,2004-06-05 10:00:06,https://video.dmm.co.jp/av/content/?id=utj002,https://al.fanza.co.jp/?lurl=https%3A%2F%2Fvideo.dmm.co.jp%2Fav%2Fcontent%2F%3Fid%3Dutj002&af_id=okd0405-990&ch=api,,,,3P・4P / 野外・露出 / 競泳・スクール水着 / ミニ系 / 女子校生 / 単体作品
61rmd161,61rmd161,digital,videoa,巨（BB）乳 ふぁ淫プレー 吉永ゆりあ,2004-06-05 10:00:06,https://video.dmm.co.jp/av/content/?id=61rmd161,https://al.fanza.co.jp/?lurl=https%3A%2F%2Fvideo.dmm.co.jp%2Fav%2Fcontent%2F%3Fid%3D61rmd161&af_id=okd0405-990&ch=api,,,,単体作品 / 縛り・緊縛 / その他フェチ / フェラ / 巨乳
ipt024,ipt024,digital,videoa,Spermania 森咲小雪,2004-06-05 10:00:05,https://video.dmm.co.jp/av/content/?id=ipt024,https://al.fanza.co.jp/?lurl=https%3A%2F%2Fvideo.dmm.co.jp%2Fav%2Fcontent%2F%3Fid%3Dipt024&af_id=okd0405-990&ch=api,,,,モデル / 脚フェチ / フェラ / ぶっかけ / 独占配信 / 単体作品
49mvd61,49mvd61,digital,videoa,昼下がりの淫ら妻 13,2004-06-05 10:00:05,https://video.dmm.co.jp/av/content/?id=49mvd61,https://al.fanza.co.jp/?lurl=https%3A%2F%2Fvideo.dmm.co.jp%2Fav%2Fcontent%2F%3Fid%3D49mvd61&af_id=okd0405-990&ch=api,,,,淫乱・ハード系 / 人妻・主婦
138sfrd029,138sfrd029,digital,videoa,人妻調教 ウチの妻をイカせてやって下さい,2004-06-05 10:00:04,https://video.dmm.co.jp/av/content/?id=138sfrd029,https://al.fanza.co.jp/?lurl=https%3A%2F%2Fvideo.dmm.co.jp%2Fav%2Fcontent%2F%3Fid%3D138sfrd029&af_id=okd0405-990&ch=api,,,,パンスト・タイツ / 巨乳 / 人妻・主婦
104exvd03,104exvd03,digital,videoa,エクストラ・バーチャ VOL.3 夕子 23歳,2004-06-05 10:00:04,https://video.dmm.co.jp/av/content/?id=104exvd03,https://al.fanza.co.jp/?lurl=https%3A%2F%2Fvideo.dmm.co.jp%2Fav%2Fcontent%2F%3Fid%3D104exvd03&af_id=okd0405-990&ch=api,,,,ハメ撮り / 淫語 / オナニー / 単体作品
mdl131,mdl131,digital,videoa,イカセ無限大 オール生中出し 上原美紀,2004-06-05 10:00:03,https://video.dmm.co.jp/av/content/?id=mdl131,https://al.fanza.co.jp/?lurl=https%3A%2F%2Fvideo.dmm.co.jp%2Fav%2Fcontent%2F%3Fid%3Dmdl131&af_id=okd0405-990&ch=api,,,,淫乱・ハード系 / 中出し / ハメ撮り / コスプレ / 独占配信 / 単体作品
44a03043,44a03043,digital,videoa,美乳いじめ 水咲ありみ,2004-06-05 10:00:03,https://video.dmm.co.jp/av/content/?id=44a03043,https://al.fanza.co.jp/?lurl=https%3A%2F%2Fvideo.dmm.co.jp%2Fav%2Fcontent%2F%3Fid%3D44a03043&af_id=okd0405-990&ch=api,,,,ぶっかけ / オナニー / 縛り・緊縛 / 3P・4P / ランジェリー / 単体作品
mdj075,mdj075,digital,videoa,緊急救命痴女病棟[集団診察編] ～あそこの病院には8人の痴女がいる～,2004-06-05 10:00:02,https://video.dmm.co.jp/av/content/?id=mdj075,https://al.fanza.co.jp/?lurl=https%3A%2F%2Fvideo.dmm.co.jp%2Fav%2Fcontent%2F%3Fid%3Dmdj075&af_id=okd0405-990&ch=api,,,,看護婦・ナース / 女医 / 痴女 / レズビアン / 3P・4P / 独占配信
53ka1902,53ka1902,digital,videoa,ノスタルジア 星野ひかり,2004-06-05 10:00:02,https://video.dmm.co.jp/av/content/?id=53ka1902,https://al.fanza.co.jp/?lurl=https%3A%2F%2Fvideo.dmm.co.jp%2Fav%2Fcontent%2F%3Fid%3D53ka1902&af_id=okd0405-990&ch=api,,,,デビュー作品 / アイドル・芸能人 / 単体作品
41fsv003,41fsv003,digital,videoa,口全ワイセツ 森高千春,2004-06-05 10:00:01,https://video.dmm.co.jp/av/content/?id=41fsv003,https://al.fanza.co.jp/?lurl=https%3A%2F%2Fvideo.dmm.co.jp%2Fav%2Fcontent%2F%3Fid%3D41fsv003&af_id=okd0405-990&ch=api,,,,単体作品 / 顔射 / ぶっかけ / フェラ
kfn002,kfn002,digital,videoa,悶絶痴●電車 ターゲットはコギャル,2004-06-05 10:00:00,https://video.dmm.co.jp/av/content/?id=kfn002,https://al.fanza.co.jp/?lurl=https%3A%2F%2Fvideo.dmm.co.jp%2Fav%2Fcontent%2F%3Fid%3Dkfn002&af_id=okd0405-990&ch=api,,,,インディーズ / ギャル
57bmbd007,57bmbd007,digital,videoa,ピュア 長谷川いずみ,2004-06-04 10:00:09,https://video.dmm.co.jp/av/content/?id=57bmbd007,https://al.fanza.co.jp/?lurl=https%3A%2F%2Fvideo.dmm.co.jp%2Fav%2Fcontent%2F%3Fid%3D57bmbd007&af_id=okd0405-990&ch=api,,,,単体作品 / コスプレ / 3P・4P / 野外・露出
55twd008,55twd008,digital,videoa,レ●プ 競泳水着 筒見友,2004-06-04 10:00:08,https://video.dmm.co.jp/av/content/?id=55twd008,https://al.fanza.co.jp/?lurl=https%3A%2F%2Fvideo.dmm.co.jp%2Fav%2Fcontent%2F%3Fid%3D55twd008&af_id=okd0405-990&ch=api,,,,単体作品 / フェラ / レズビアン / その他フェチ / 水着
49gr96,49gr96,digital,videoa,スキスキ おにいちゃん 瀬名梨花,2004-06-04 10:00:07,https://video.dmm.co.jp/av/content/?id=49gr96,https://al.fanza.co.jp/?lurl=https%3A%2F%2Fvideo.dmm.co.jp%2Fav%2Fcontent%2F%3Fid%3D49gr96&af_id=okd0405-990&ch=api,,,,アイドル・芸能人 / 単体作品 / 近親相姦 / 巨乳
ati003,ati003,digital,videoa,鬼畜輪●外伝 女子校生監禁凌● 加山由衣,2004-06-04 10:00:06,https://video.dmm.co.jp/av/content/?id=ati003,https://al.fanza.co.jp/?lurl=https%3A%2F%2Fvideo.dmm.co.jp%2Fav%2Fcontent%2F%3Fid%3Dati003&af_id=okd0405-990&ch=api,,,,女子校生 / セーラー服 / ごっくん / 監禁 / 独占配信 / 単体作品
51vs686,51vs686,digital,videoa,白衣の生贄5 清水かおり,2004-06-04 10:00:06,https://video.dmm.co.jp/av/content/?id=51vs686,https://al.fanza.co.jp/?lurl=https%3A%2F%2Fvideo.dmm.co.jp%2Fav%2Fcontent%2F%3Fid%3D51vs686&af_id=okd0405-990&ch=api,,,,看護婦・ナース / 巨乳 / SM / 縛り・緊縛 / 単体作品
61is96,61is96,digital,videoa,素敵にウブウブ かわいなつみ,2004-06-04 10:00:05,https://video.dmm.co.jp/av/content/?id=61is96,https://al.fanza.co.jp/?lurl=https%3A%2F%2Fvideo.dmm.co.jp%2Fav%2Fcontent%2F%3Fid%3D61is96&af_id=okd0405-990&ch=api,,,,女優ベスト・総集編 / ドキュメンタリー / クラシック / ハメ撮り / 単体作品
pkc048,pkc048,digital,videoa,祝！童貞喪失vol.3,2004-06-04 10:00:04,https://video.dmm.co.jp/av/content/?id=pkc048,https://al.fanza.co.jp/?lurl=https%3A%2F%2Fvideo.dmm.co.jp%2Fav%2Fcontent%2F%3Fid%3Dpkc048&af_id=okd0405-990&ch=api,,,,痴女 / フェラ / パイズリ
52fe506,52fe506,digital,videoa,姉さんガマンできない 16 藤森加奈子,2004-06-04 10:00:04,https://video.dmm.co.jp/av/content/?id=52fe506,https://al.fanza.co.jp/?lurl=https%3A%2F%2Fvideo.dmm.co.jp%2Fav%2Fcontent%2F%3Fid%3D52fe506&af_id=okd0405-990&ch=api,,,,フェラ / ボンテージ / 巨乳 / お姉さん / 単体作品
41lmc014,41lmc014,digital,videoa,暴行ヒストリー・5犯,2004-06-04 10:00:03,https://video.dmm.co.jp/av/content/?id=41lmc014,https://al.fanza.co.jp/?lurl=https%3A%2F%2Fvideo.dmm.co.jp%2Fav%2Fcontent%2F%3Fid%3D41lmc014&af_id=okd0405-990&ch=api,,,,コスプレ / ベスト・総集編 / 監禁
2dsd038,2dsd038,digital,videoa,THE BEST LEGS×HIPS VER.02,2004-06-04 10:00:03,https://video.dmm.co.jp/av/content/?id=2dsd038,https://al.fanza.co.jp/?lurl=https%3A%2F%2Fvideo.dmm.co.jp%2Fav%2Fcontent%2F%3Fid%3D2dsd038&af_id=okd0405-990&ch=api,,,,コスプレ / 尻フェチ / 脚フェチ
86cs1197,86cs1197,digital,videoa,逆ナンパスペシャル 池袋編,2004-06-04 10:00:02,https://video.dmm.co.jp/av/content/?id=86cs1197,https://al.fanza.co.jp/?lurl=https%3A%2F%2Fvideo.dmm.co.jp%2Fav%2Fcontent%2F%3Fid%3D86cs1197&af_id=okd0405-990&ch=api,,,,逆ナン / 3P・4P / 企画 / ナンパ / 痴女
42vo226,42vo226,digital,videoa,PERFECT BODY 上から90・59・88 望月るあ,2004-06-04 10:00:02,https://video.dmm.co.jp/av/content/?id=42vo226,https://al.fanza.co.jp/?lurl=https%3A%2F%2Fvideo.dmm.co.jp%2Fav%2Fcontent%2F%3Fid%3D42vo226&af_id=okd0405-990&ch=api,,,,フェラ / 水着 / ミニ系 / 巨乳 / 単体作品
edg007,edg007,digital,videoa,女だらけの世界 VOL.2 巨乳ウェイトレス痴女集団,2004-06-04 10:00:01,https://video.dmm.co.jp/av/content/?id=edg007,https://al.fanza.co.jp/?lurl=https%3A%2F%2Fvideo.dmm.co.jp%2Fav%2Fcontent%2F%3Fid%3Dedg007&af_id=okd0405-990&ch=api,,,,独占配信 / デジモ / パイズリ / ウェイトレス / 巨乳 / 痴女
ykh003,ykh003,digital,videoa,●物催●極悪レ●プ 3,2004-06-04 10:00:00,https://video.dmm.co.jp/av/content/?id=ykh003,https://al.fanza.co.jp/?lurl=https%3A%2F%2Fvideo.dmm.co.jp%2Fav%2Fcontent%2F%3Fid%3Dykh003&af_id=okd0405-990&ch=api,,,,インディーズ / 3P・4P / ドラッグ / 学生服
nrl001,nrl001,digital,videoa,兄と妹 近親相姦 幸男 沙織,2004-06-04 10:00:00,https://video.dmm.co.jp/av/content/?id=nrl001,https://al.fanza.co.jp/?lurl=https%3A%2F%2Fvideo.dmm.co.jp%2Fav%2Fcontent%2F%3Fid%3Dnrl001&af_id=okd0405-990&ch=api,,,,インディーズ / 中出し / シックスナイン / 近親相姦
lvu001,lvu001,digital,videoa,ナンパハメ撮り 結城アンナ,2004-06-04 10:00:00,https://video.dmm.co.jp/av/content/?id=lvu001,https://al.fanza.co.jp/?lurl=https%3A%2F%2Fvideo.dmm.co.jp%2Fav%2Fcontent%2F%3Fid%3Dlvu001&af_id=okd0405-990&ch=api,,,,逆ナン / ハメ撮り / 放尿・お漏らし / オナニー / パンスト・タイツ / バイブ / ごっくん / 手コキ / ナンパ / 単体作品
138sfrd028,138sfrd028,digital,videoa,実録ナマ撮り 素人ガールフレンズ11,2004-06-03 10:00:06,https://video.dmm.co.jp/av/content/?id=138sfrd028,https://al.fanza.co.jp/?lurl=https%3A%2F%2Fvideo.dmm.co.jp%2Fav%2Fcontent%2F%3Fid%3D138sfrd028&af_id=okd0405-990&ch=api,,,,素人 / 巨乳
78god165,78god165,digital,videoa,エロチチ,2004-06-03 10:00:05,https://video.dmm.co.jp/av/content/?id=78god165,https://al.fanza.co.jp/?lurl=https%3A%2F%2Fvideo.dmm.co.jp%2Fav%2Fcontent%2F%3Fid%3D78god165&af_id=okd0405-990&ch=api,,,,巨乳 / 巨乳フェチ / パイズリ / 縛り・緊縛 / 水着
41csv004,41csv004,digital,videoa,変態ざんまい 白石ことこ,2004-06-03 10:00:04,https://video.dmm.co.jp/av/content/?id=41csv004,https://al.fanza.co.jp/?lurl=https%3A%2F%2Fvideo.dmm.co.jp%2Fav%2Fcontent%2F%3Fid%3D41csv004&af_id=okd0405-990&ch=api,,,,単体作品 / 淫乱・ハード系
85ej002,85ej002,digital,videoa,本番少女 れいこ・あやか,2004-06-03 10:00:03,https://video.dmm.co.jp/av/content/?id=85ej002,https://al.fanza.co.jp/?lurl=https%3A%2F%2Fvideo.dmm.co.jp%2Fav%2Fcontent%2F%3Fid%3D85ej002&af_id=okd0405-990&ch=api,,,,素人 / 企画 / ギャル / 美少女
61if95,61if95,digital,videoa,制服神話 三原夕香,2004-06-03 10:00:03,https://video.dmm.co.jp/av/content/?id=61if95,https://al.fanza.co.jp/?lurl=https%3A%2F%2Fvideo.dmm.co.jp%2Fav%2Fcontent%2F%3Fid%3D61if95&af_id=okd0405-990&ch=api,,,,女優ベスト・総集編 / クラシック / ハメ撮り / デビュー作品 / 単体作品
61it63,61it63,digital,videoa,HAPPY 林エリカ,2004-06-03 10:00:02,https://video.dmm.co.jp/av/content/?id=61it63,https://al.fanza.co.jp/?lurl=https%3A%2F%2Fvideo.dmm.co.jp%2Fav%2Fcontent%2F%3Fid%3D61it63&af_id=okd0405-990&ch=api,,,,単体作品 / デビュー作品 / バイブ
mde190,mde190,digital,videoa,ドリームウーマン DREAM WOMAN VOL.25 星ありす,2004-06-03 10:00:01,https://video.dmm.co.jp/av/content/?id=mde190,https://al.fanza.co.jp/?lurl=https%3A%2F%2Fvideo.dmm.co.jp%2Fav%2Fcontent%2F%3Fid%3Dmde190&af_id=okd0405-990&ch=api,,,,巨乳 / デジモ / コスプレ / ぶっかけ / 独占配信 / 単体作品
53ka1920,53ka1920,digital,videoa,ブリリアントアイ…望月瞳,2004-06-03 10:00:01,https://video.dmm.co.jp/av/content/?id=53ka1920,https://al.fanza.co.jp/?lurl=https%3A%2F%2Fvideo.dmm.co.jp%2Fav%2Fcontent%2F%3Fid%3D53ka1920&af_id=okd0405-990&ch=api,,,,アイドル・芸能人 / 巨乳 / 潮吹き / 縛り・緊縛 / デビュー作品 / 単体作品
tt001,tt001,digital,videoa,アメリカンブラックパワー 1,2004-06-03 10:00:00,https://video.dmm.co.jp/av/content/?id=tt001,https://al.fanza.co.jp/?lurl=https%3A%2F%2Fvideo.dmm.co.jp%2Fav%2Fcontent%2F%3Fid%3Dtt001&af_id=okd0405-990&ch=api,,,,フェラ / ギャル / 黒人男優 / 単体作品
kpc001,kpc001,digital,videoa,挑発ノーパン娘 レースクィーン 神谷みどり,2004-06-03 10:00:00,https://video.dmm.co.jp/av/content/?id=kpc001,https://al.fanza.co.jp/?lurl=https%3A%2F%2Fvideo.dmm.co.jp%2Fav%2Fcontent%2F%3Fid%3Dkpc001&af_id=okd0405-990&ch=api,,,,ローター / 中出し / パンスト・タイツ / レースクィーン
juk022,juk022,digital,videoa,超高級エロミセス 紫彩乃,2004-06-03 10:00:00,https://video.dmm.co.jp/av/content/?id=juk022,https://al.fanza.co.jp/?lurl=https%3A%2F%2Fvideo.dmm.co.jp%2Fav%2Fcontent%2F%3Fid%3Djuk022&af_id=okd0405-990&ch=api,,,,熟女 / 和服・浴衣 / ランジェリー / 3P・4P / 独占配信 / 単体作品
55trdv056,55trdv056,digital,videoa,水着カリスマアイドル,2004-06-02 10:00:06,https://video.dmm.co.jp/av/content/?id=55trdv056,https://al.fanza.co.jp/?lurl=https%3A%2F%2Fvideo.dmm.co.jp%2Fav%2Fcontent%2F%3Fid%3D55trdv056&af_id=okd0405-990&ch=api,,,,3P・4P / その他フェチ / 水着 / 巨乳
125um046,125um046,digital,videoa,21世紀的カップル達のSEX事情,2004-06-02 10:00:05,https://video.dmm.co.jp/av/content/?id=125um046,https://al.fanza.co.jp/?lurl=https%3A%2F%2Fvideo.dmm.co.jp%2Fav%2Fcontent%2F%3Fid%3D125um046&af_id=okd0405-990&ch=api,,,,カップル / 顔射 / ごっくん / 体操着・ブルマ / 小柄
61ih95,61ih95,digital,videoa,乳ゲッチュー！！ 結城かのん,2004-06-02 10:00:03,https://video.dmm.co.jp/av/content/?id=61ih95,https://al.fanza.co.jp/?lurl=https%3A%2F%2Fvideo.dmm.co.jp%2Fav%2Fcontent%2F%3Fid%3D61ih95&af_id=okd0405-990&ch=api,,,,単体作品 / ハメ撮り / 3P・4P / 巨乳
3sk005,3sk005,digital,videoa,セーラー女王様とM男 志村あいん,2004-06-02 10:00:03,https://video.dmm.co.jp/av/content/?id=3sk005,https://al.fanza.co.jp/?lurl=https%3A%2F%2Fvideo.dmm.co.jp%2Fav%2Fcontent%2F%3Fid%3D3sk005&af_id=okd0405-990&ch=api,,,,独占配信 / 単体作品 / SM / ボンテージ / セーラー服
44s03014,44s03014,digital,videoa,射激祭30連発,2004-06-02 10:00:02,https://video.dmm.co.jp/av/content/?id=44s03014,https://al.fanza.co.jp/?lurl=https%3A%2F%2Fvideo.dmm.co.jp%2Fav%2Fcontent%2F%3Fid%3D44s03014&af_id=okd0405-990&ch=api,,,,ベスト・総集編 / 痴女 / 女子校生 / 看護婦・ナース / 人妻・主婦
104jpsd01,104jpsd01,digital,videoa,実録プール痴●集団 Vol.1,2004-06-02 10:00:02,https://video.dmm.co.jp/av/content/?id=104jpsd01,https://al.fanza.co.jp/?lurl=https%3A%2F%2Fvideo.dmm.co.jp%2Fav%2Fcontent%2F%3Fid%3D104jpsd01&af_id=okd0405-990&ch=api,,,,素人 / 野外・露出 / 企画 / 水着
84bz78,84bz78,digital,videoa,LOVE2デート 3,2004-06-02 10:00:01,https://video.dmm.co.jp/av/content/?id=84bz78,https://al.fanza.co.jp/?lurl=https%3A%2F%2Fvideo.dmm.co.jp%2Fav%2Fcontent%2F%3Fid%3D84bz78&af_id=okd0405-990&ch=api,,,,フェラ / ドキュメンタリー / ミニ系 / 巨乳
187mdx058,187mdx058,digital,videoa,コス痴女［ナース編］,2004-06-02 10:00:01,https://video.dmm.co.jp/av/content/?id=187mdx058,https://al.fanza.co.jp/?lurl=https%3A%2F%2Fvideo.dmm.co.jp%2Fav%2Fcontent%2F%3Fid%3D187mdx058&af_id=okd0405-990&ch=api,,,,痴女 / 看護婦・ナース / フェラ / ごっくん / デジモ
t796,t796,digital,videoa,レアスクールあいかちゃん,2004-06-02 10:00:00,https://video.dmm.co.jp/av/content/?id=t796,https://al.fanza.co.jp/?lurl=https%3A%2F%2Fvideo.dmm.co.jp%2Fav%2Fcontent%2F%3Fid%3Dt796&af_id=okd0405-990&ch=api,,,,デビュー作品 / 顔射 / オナニー / 女子校生 / 単体作品
juk013,juk013,digital,videoa,男喰い熟女 ～三十路女の誘惑～,2004-06-02 10:00:00,https://video.dmm.co.jp/av/content/?id=juk013,https://al.fanza.co.jp/?lurl=https%3A%2F%2Fvideo.dmm.co.jp%2Fav%2Fcontent%2F%3Fid%3Djuk013&af_id=okd0405-990&ch=api,,,,熟女 / 痴女 / 3P・4P / 乱交 / 独占配信
49he62,49he62,digital,videoa,家庭教師はガマンできない 6,2004-06-01 10:00:06,https://video.dmm.co.jp/av/content/?id=49he62,https://al.fanza.co.jp/?lurl=https%3A%2F%2Fvideo.dmm.co.jp%2Fav%2Fcontent%2F%3Fid%3D49he62&af_id=okd0405-990&ch=api,,,,家庭教師 / 女教師
86cs1088,86cs1088,digital,videoa,ザ・ナンパスペシャル 東京・わかるよ～っ！渋谷・新宿【編】,2004-06-01 10:00:05,https://video.dmm.co.jp/av/content/?id=86cs1088,https://al.fanza.co.jp/?lurl=https%3A%2F%2Fvideo.dmm.co.jp%2Fav%2Fcontent%2F%3Fid%3D86cs1088&af_id=okd0405-990&ch=api,,,,3P・4P / 素人 / 企画 / ナンパ
62lv003,62lv003,digital,videoa,カ・リ・ス・マ・ア・イ・ド・ル 澤宮有希,2004-06-01 10:00:04,https://video.dmm.co.jp/av/content/?id=62lv003,https://al.fanza.co.jp/?lurl=https%3A%2F%2Fvideo.dmm.co.jp%2Fav%2Fcontent%2F%3Fid%3D62lv003&af_id=okd0405-990&ch=api,,,,ぶっかけ / バイブ / オナニー / 3P・4P / 単体作品
hp076,hp076,digital,videoa,HIGH SCHOOL FUCK 大滝明日香 山内しおり みずなあんり 百合野さくら,2004-06-01 10:00:03,https://video.dmm.co.jp/av/content/?id=hp076,https://al.fanza.co.jp/?lurl=https%3A%2F%2Fvideo.dmm.co.jp%2Fav%2Fcontent%2F%3Fid%3Dhp076&af_id=okd0405-990&ch=api,,,,女子校生 / 体操着・ブルマ / 学生服 / 水着 / 独占配信
61ia48,61ia48,digital,videoa,濡れた美乳 乙女のシミつきパンティー 風間はるか,2004-06-01 10:00:03,https://video.dmm.co.jp/av/content/?id=61ia48,https://al.fanza.co.jp/?lurl=https%3A%2F%2Fvideo.dmm.co.jp%2Fav%2Fcontent%2F%3Fid%3D61ia48&af_id=okd0405-990&ch=api,,,,単体作品 / ぶっかけ / その他フェチ
83mav003,83mav003,digital,videoa,爆乳娘 夏目しおん,2004-06-01 10:00:02,https://video.dmm.co.jp/av/content/?id=83mav003,https://al.fanza.co.jp/?lurl=https%3A%2F%2Fvideo.dmm.co.jp%2Fav%2Fcontent%2F%3Fid%3D83mav003&af_id=okd0405-990&ch=api,,,,単体作品 / パイズリ / 3P・4P / 巨乳フェチ / 巨乳
52fe540,52fe540,digital,videoa,Yo！キャバクラギャルズ2,2004-06-01 10:00:02,https://video.dmm.co.jp/av/content/?id=52fe540,https://al.fanza.co.jp/?lurl=https%3A%2F%2Fvideo.dmm.co.jp%2Fav%2Fcontent%2F%3Fid%3D52fe540&af_id=okd0405-990&ch=api,,,,キャバ嬢・風俗嬢 / 企画 / バイブ / 3P・4P / ハメ撮り
mdl130,mdl130,digital,videoa,いい女に辱めを 強●堕落～羞恥刑～ ゆりあ,2004-06-01 10:00:01,https://video.dmm.co.jp/av/content/?id=mdl130,https://al.fanza.co.jp/?lurl=https%3A%2F%2Fvideo.dmm.co.jp%2Fav%2Fcontent%2F%3Fid%3Dmdl130&af_id=okd0405-990&ch=api,,,,羞恥 / 野外・露出 / 拘束 / その他フェチ / オナニー / 独占配信 / 単体作品
53ka1810,53ka1810,digital,videoa,熱中エッチ ナメナメしましょ 花形茉歩,2004-06-01 10:00:01,https://video.dmm.co.jp/av/content/?id=53ka1810,https://al.fanza.co.jp/?lurl=https%3A%2F%2Fvideo.dmm.co.jp%2Fav%2Fcontent%2F%3Fid%3D53ka1810&af_id=okd0405-990&ch=api,,,,アイドル・芸能人 / ミニ系 / 野外・露出 / 3P・4P / 単体作品
hwn002,hwn002,digital,videoa,コギャルレズ みずほ＆あおい,2004-06-01 10:00:00,https://video.dmm.co.jp/av/content/?id=hwn002,https://al.fanza.co.jp/?lurl=https%3A%2F%2Fvideo.dmm.co.jp%2Fav%2Fcontent%2F%3Fid%3Dhwn002&af_id=okd0405-990&ch=api,,,,インディーズ / おもちゃ / バイブ / レズビアン / ギャル
aka051,aka051,digital,videoa,クロロホルムレ●プ 傷痕,2004-06-01 10:00:00,https://video.dmm.co.jp/av/content/?id=aka051,https://al.fanza.co.jp/?lurl=https%3A%2F%2Fvideo.dmm.co.jp%2Fav%2Fcontent%2F%3Fid%3Daka051&af_id=okd0405-990&ch=api,,,,独占配信 / インディーズ / ハメ撮り / ドラッグ / パイパン
